{"type":"FeatureCollection","features":[{"type":"Feature","geometry":{"type":"MultiPolygon","coordinates":[[[[-164.65408,23.60707],[-164.64002,23.57611],[-164.65402,23.53522],[-164.67332,23.52108],[-164.7013,23.517],[-164.75,23.53615],[-164.76261,23.55851],[-164.76481,23.58172],[-164.75809,23.59895],[-164.74006,23.61439],[-164.68889,23.62342],[-164.65408,23.60707]]],[[[-166.38046,23.88398],[-166.30707,23.92488],[-166.25,23.93243],[-166.20428,23.91721],[-166.17045,23.88845],[-166.16484,23.85102],[-166.16974,23.83742],[-166.15348,23.81894],[-166.14817,23.78548],[-166.1185,23.76667],[-166.10678,23.74252],[-166.10588,23.71354],[-166.11349,23.69715],[-166.13295,23.6847],[-166.11384,23.65234],[-166.11714,23.625],[-166.11068,23.625],[-166.11678,23.61125],[-166.15115,23.59046],[-166.17222,23.58709],[-166.19441,23.58953],[-166.22424,23.61479],[-166.23228,23.64158],[-166.22396,23.67253],[-166.20542,23.6916],[-166.22283,23.70488],[-166.22678,23.72744],[-166.26559,23.71314],[-166.30261,23.72867],[-166.31582,23.74012],[-166.32374,23.77097],[-166.31357,23.80374],[-166.33682,23.79964],[-166.35634,23.80594],[-166.38448,23.83199],[-166.38046,23.88398]]],[[[-168.0,25.05224],[-167.95245,25.02354],[-167.94459,25.0],[-167.95369,24.96439],[-168.0,24.94811],[-168.03775,24.95972],[-168.05839,24.98788],[-168.05061,25.02587],[-168.02699,25.0448],[-168.0,25.05224]]],[[[-170.58852,25.54122],[-170.57315,25.50512],[-170.59164,25.46861],[-170.62973,25.45573],[-170.64955,25.45936],[-170.67956,25.48554],[-170.68085,25.52498],[-170.65048,25.55322],[-170.60866,25.55364],[-170.58852,25.54122]]],[[[-171.75,25.83794],[-171.68828,25.82377],[-171.66792,25.78122],[-171.68686,25.72788],[-171.69985,25.71686],[-171.73749,25.70653],[-171.77015,25.7182],[-171.79703,25.74054],[-171.80963,25.78135],[-171.78698,25.8223],[-171.75,25.83794]]],[[[-174.03111,26.12907],[-173.95792,26.13569],[-173.92909,26.12014],[-173.91342,26.0994],[-173.90336,26.06006],[-173.92597,26.01963],[-174.0,25.99021],[-174.02721,25.99328],[-174.04609,26.00231],[-174.06594,26.03943],[-174.05912,26.09415],[-174.05247,26.11299],[-174.03111,26.12907]]],[[[-175.9325,27.81445],[-175.92103,27.82144],[-175.97816,27.84798],[-175.99375,27.875],[-175.99214,27.8895],[-175.96634,27.92991],[-175.875,27.97591],[-175.81005,28.00594],[-175.76968,28.00747],[-175.73493,28.0],[-175.70435,27.98274],[-175.67013,27.9416],[-175.66559,27.875],[-175.72616,27.75],[-175.74612,27.73272],[-175.80294,27.72348],[-175.84505,27.72846],[-175.89519,27.69921],[-175.93949,27.68823],[-175.9696,27.6934],[-176.0,27.70931],[-176.02929,27.74268],[-176.03963,27.75824],[-176.04335,27.7959],[-176.02502,27.82158],[-176.0,27.83534],[-175.9325,27.81445]]],[[[-178.36063,28.51382],[-178.31512,28.51633],[-178.29152,28.50721],[-178.23847,28.45615],[-178.2305,28.3977],[-178.23302,28.375],[-178.25,28.34715],[-178.3014,28.32834],[-178.375,28.33536],[-178.39561,28.3419],[-178.41148,28.36066],[-178.41588,28.38009],[-178.44049,28.40517],[-178.43834,28.44409],[-178.39577,28.5],[-178.36063,28.51382]]],[[[-179.1076,51.35368],[-179.09324,51.39094],[-179.03391,51.43885],[-178.99015,51.45683],[-178.92279,51.44701],[-178.87316,51.42479],[-178.83522,51.39081],[-178.82402,51.35807],[-178.83281,51.32359],[-178.85649,51.3049],[-178.89958,51.29338],[-178.9286,51.27044],[-178.97887,51.25525],[-179.02419,51.20983],[-179.0736,51.17904],[-179.13694,51.17509],[-179.18382,51.18378],[-179.20788,51.20272],[-179.22056,51.22799],[-179.23109,51.26753],[-179.22569,51.29927],[-179.17375,51.34303],[-179.1076,51.35368]]],[[[-178.35998,51.53748],[-178.27896,51.54198],[-178.23862,51.52989],[-178.20226,51.5039],[-178.18762,51.48223],[-178.19841,51.44365],[-178.24865,51.42317],[-178.30434,51.42134],[-178.38741,51.43681],[-178.40981,51.44936],[-178.43088,51.47658],[-178.42294,51.509],[-178.40515,51.52238],[-178.35998,51.53748]]],[[[-179.03878,51.6435],[-178.98833,51.62458],[-178.94861,51.5873],[-178.9341,51.6048],[-178.89076,51.62853],[-178.84458,51.63763],[-178.7683,51.61661],[-178.72589,51.65266],[-178.6343,51.66648],[-178.59298,51.65622],[-178.55931,51.658],[-178.50447,51.63353],[-178.45221,51.621],[-178.42168,51.58728],[-178.42238,51.57431],[-178.44062,51.55086],[-178.55019,51.50848],[-178.59656,51.51083],[-178.63642,51.52479],[-178.66527,51.51801],[-178.69081,51.50074],[-178.75579,51.48871],[-178.83642,51.49204],[-178.92561,51.53808],[-178.95031,51.5648],[-178.97978,51.5311],[-179.0178,51.5178],[-179.07106,51.50929],[-179.12725,51.52342],[-179.14889,51.55423],[-179.14987,51.59536],[-179.14124,51.60956],[-179.10339,51.63623],[-179.03878,51.6435]]],[[[-178.78653,51.88788],[-178.69033,51.84953],[-178.64665,51.79939],[-178.67069,51.73922],[-178.72459,51.70663],[-178.82802,51.69478],[-178.94995,51.76024],[-178.95728,51.7808],[-178.94685,51.81808],[-178.91532,51.85808],[-178.8451,51.88794],[-178.78653,51.88788]]],[[[-177.37437,51.96262],[-177.33927,51.92715],[-177.33258,51.90077],[-177.35235,51.8717],[-177.38086,51.85574],[-177.42981,51.84109],[-177.46896,51.83986],[-177.48673,51.84365],[-177.54649,51.88937],[-177.55174,51.91552],[-177.54292,51.93513],[-177.49363,51.97464],[-177.45955,51.98288],[-177.37437,51.96262]]],[[[-178.22844,51.95687],[-178.10724,51.97651],[-178.06496,51.96477],[-178.03243,51.97265],[-177.91325,51.96436],[-177.88993,51.95257],[-177.86553,51.92577],[-177.8345,51.91407],[-177.82681,51.89641],[-177.81193,51.89077],[-177.77343,51.89571],[-177.73543,51.88841],[-177.66167,51.90222],[-177.58744,51.90318],[-177.55753,51.89188],[-177.53837,51.87313],[-177.53226,51.8551],[-177.542,51.83318],[-177.53827,51.82093],[-177.5643,51.79598],[-177.54205,51.78827],[-177.4457,51.80949],[-177.40622,51.83624],[-177.30889,51.83679],[-177.2983,51.85621],[-177.28289,51.86307],[-177.28436,51.91315],[-177.26746,51.95963],[-177.20621,51.99311],[-177.16806,51.99951],[-177.0797,51.98595],[-177.0169,51.96503],[-176.97005,51.9245],[-176.97099,51.86111],[-176.9387,51.88275],[-176.91887,51.88213],[-176.9102,51.88963],[-176.87553,51.95967],[-176.84782,51.99552],[-176.82701,52.00913],[-176.73863,52.0208],[-176.69149,52.01772],[-176.66192,52.04009],[-176.60128,52.05656],[-176.54119,52.05088],[-176.48848,52.02604],[-176.46955,51.98122],[-176.47291,51.96357],[-176.44895,51.93331],[-176.45277,51.90793],[-176.32598,51.92237],[-176.26931,51.91897],[-176.24286,51.92674],[-176.25198,51.94832],[-176.24713,51.96533],[-176.26553,51.98732],[-176.28107,52.04336],[-176.29142,52.05336],[-176.28538,52.09408],[-176.22443,52.15313],[-176.16913,52.16958],[-176.0806,52.15904],[-176.03989,52.1622],[-175.99192,52.14967],[-175.97709,52.14129],[-175.96686,52.12142],[-175.93533,52.10492],[-175.92777,52.09107],[-175.85366,52.09653],[-175.83028,52.08539],[-175.80646,52.04367],[-175.77824,52.04012],[-175.73933,52.0213],[-175.7132,52.0263],[-175.54914,52.00988],[-175.47036,52.04283],[-175.41243,52.03599],[-175.38433,52.06329],[-175.29662,52.08882],[-175.23162,52.0902],[-175.15513,52.10946],[-175.10236,52.10862],[-175.05943,52.13661],[-174.99321,52.13641],[-174.96454,52.15433],[-174.92523,52.16391],[-174.86609,52.16564],[-174.84985,52.15543],[-174.82711,52.15982],[-174.7947,52.15021],[-174.73156,52.17145],[-174.69613,52.20936],[-174.66851,52.2252],[-174.61776,52.23337],[-174.589,52.22873],[-174.55348,52.25949],[-174.52458,52.26763],[-174.4944,52.26533],[-174.51781,52.2845],[-174.53765,52.31704],[-174.52486,52.34817],[-174.49471,52.36695],[-174.4107,52.37644],[-174.39077,52.40991],[-174.31273,52.45671],[-174.245,52.45484],[-174.15785,52.47302],[-174.11058,52.46832],[-174.06539,52.44265],[-174.03087,52.43938],[-173.9954,52.42432],[-173.98594,52.41212],[-173.94023,52.39626],[-173.92292,52.37807],[-173.92179,52.34745],[-173.90283,52.31923],[-173.90463,52.29366],[-173.98049,52.21162],[-173.99047,52.18314],[-173.93639,52.18456],[-173.87182,52.2029],[-173.78507,52.18555],[-173.7321,52.18325],[-173.60167,52.21253],[-173.56514,52.20366],[-173.5063,52.21314],[-173.47899,52.20711],[-173.4557,52.19168],[-173.44076,52.16876],[-173.34297,52.16653],[-173.30977,52.155],[-173.28316,52.16126],[-173.22407,52.15567],[-173.15151,52.16159],[-172.94368,52.14658],[-172.92517,52.15521],[-172.89487,52.1555],[-172.8425,52.13635],[-172.81992,52.10497],[-172.83923,52.07156],[-172.92306,52.02416],[-172.94976,52.01915],[-173.00327,52.02798],[-173.07,52.02599],[-173.08027,52.01858],[-173.08516,51.97493],[-173.10323,51.95947],[-173.15126,51.94714],[-173.17607,51.94888],[-173.22487,51.9746],[-173.24318,52.0094],[-173.30452,52.00543],[-173.35667,51.98083],[-173.42787,51.98487],[-173.5186,51.97165],[-173.58491,51.98246],[-173.61741,52.00095],[-173.63786,52.00366],[-173.71003,52.00684],[-173.73487,51.99888],[-173.77366,52.00288],[-173.81523,51.98981],[-173.85395,51.99126],[-173.97069,52.01423],[-174.04986,52.05524],[-174.15099,52.04321],[-174.18114,52.04738],[-174.25033,52.03932],[-174.27715,52.0454],[-174.31397,52.03623],[-174.32333,52.01016],[-174.35039,51.98034],[-174.37856,51.96852],[-174.4425,51.96388],[-174.48089,51.9525],[-174.55066,51.96137],[-174.59428,51.97841],[-174.68793,51.95753],[-174.74506,51.95565],[-174.86126,51.98005],[-174.8693,51.9891],[-175.00033,51.95449],[-175.05636,51.94816],[-175.23709,51.96152],[-175.30686,51.95234],[-175.34872,51.96259],[-175.40998,51.93018],[-175.44624,51.93059],[-175.46995,51.9218],[-175.51308,51.9268],[-175.52568,51.91535],[-175.58537,51.9049],[-175.63593,51.91117],[-175.71194,51.87321],[-175.75256,51.86383],[-175.80594,51.86646],[-175.79864,51.83908],[-175.82711,51.80544],[-175.84975,51.79549],[-175.91304,51.80035],[-175.9266,51.77603],[-175.96471,51.75543],[-176.00263,51.74845],[-176.04184,51.75585],[-176.13321,51.72163],[-176.16302,51.71998],[-176.21134,51.73314],[-176.25519,51.69538],[-176.33896,51.67873],[-176.40314,51.68391],[-176.45654,51.67643],[-176.51526,51.6478],[-176.53977,51.64844],[-176.60153,51.61171],[-176.65124,51.60391],[-176.69873,51.57843],[-176.74732,51.57773],[-176.80139,51.55941],[-176.82972,51.55878],[-176.86215,51.5704],[-176.89399,51.54682],[-176.94279,51.53707],[-176.99803,51.54547],[-177.04256,51.56609],[-177.06865,51.59279],[-177.07433,51.62091],[-177.06375,51.66466],[-177.04544,51.69071],[-176.97022,51.74369],[-176.9943,51.76224],[-177.00416,51.78778],[-176.98368,51.83381],[-177.04028,51.8077],[-177.02762,51.76705],[-177.03409,51.73274],[-177.07999,51.67423],[-177.12686,51.65337],[-177.16302,51.65276],[-177.22864,51.63203],[-177.2811,51.62761],[-177.37229,51.64157],[-177.40298,51.67038],[-177.45203,51.6402],[-177.51286,51.63192],[-177.55378,51.63977],[-177.56272,51.62292],[-177.58116,51.61326],[-177.65769,51.59866],[-177.72771,51.61096],[-177.75027,51.62771],[-177.75195,51.63735],[-177.7834,51.64786],[-177.8249,51.63106],[-177.81787,51.59811],[-177.83053,51.57005],[-177.86004,51.55109],[-177.89935,51.54022],[-177.97129,51.55239],[-178.01082,51.57582],[-178.05071,51.57991],[-178.09023,51.60374],[-178.13177,51.60991],[-178.18937,51.63367],[-178.20598,51.67934],[-178.19225,51.70385],[-178.19234,51.72085],[-178.16448,51.74688],[-178.13205,51.75786],[-178.1603,51.77889],[-178.25605,51.81202],[-178.30705,51.85844],[-178.29885,51.90371],[-178.25841,51.94213],[-178.22844,51.95687]]],[[[-175.4368,52.21704],[-175.41071,52.19678],[-175.40427,52.17164],[-175.43701,52.13281],[-175.47247,52.11314],[-175.51236,52.10737],[-175.56125,52.12257],[-175.59865,52.14668],[-175.60911,52.1674],[-175.60402,52.19868],[-175.5533,52.23115],[-175.49205,52.23758],[-175.4368,52.21704]]],[[[-175.05357,52.2513],[-175.03652,52.22901],[-175.04335,52.2069],[-175.07869,52.17717],[-175.11311,52.16566],[-175.15254,52.16298],[-175.17653,52.17065],[-175.20531,52.19123],[-175.22482,52.23296],[-175.20464,52.25911],[-175.14358,52.27822],[-175.09591,52.27429],[-175.05357,52.2513]]],[[[-172.71434,52.29475],[-172.63324,52.38786],[-172.60608,52.3994],[-172.48398,52.43665],[-172.3993,52.44451],[-172.24966,52.39345],[-172.22433,52.36943],[-172.2263,52.35491],[-172.21071,52.31627],[-172.25017,52.28408],[-172.37791,52.22836],[-172.4272,52.22542],[-172.5106,52.19995],[-172.61616,52.19909],[-172.6887,52.21671],[-172.71834,52.2531],[-172.71434,52.29475]]],[[[-171.24856,52.58086],[-171.18937,52.63506],[-171.14023,52.63963],[-171.06973,52.62706],[-171.03115,52.61007],[-171.01883,52.5858],[-171.03356,52.54852],[-171.04952,52.53103],[-171.11185,52.50756],[-171.12405,52.46441],[-171.17315,52.41516],[-171.20626,52.39889],[-171.26431,52.39123],[-171.35835,52.41254],[-171.37726,52.43138],[-171.39372,52.46813],[-171.38707,52.51482],[-171.37443,52.53712],[-171.31242,52.57074],[-171.24856,52.58086]]],[[[-170.81875,52.68848],[-170.77039,52.72109],[-170.68045,52.74959],[-170.6304,52.75159],[-170.56411,52.7422],[-170.50831,52.72116],[-170.48099,52.69041],[-170.47278,52.64349],[-170.53613,52.57385],[-170.57568,52.55487],[-170.67443,52.53988],[-170.73823,52.50011],[-170.79377,52.4871],[-170.88759,52.51383],[-170.92739,52.54989],[-170.92351,52.57499],[-170.88891,52.64927],[-170.86545,52.66906],[-170.81875,52.68848]]],[[[-170.15279,52.83582],[-170.19013,52.86283],[-170.20338,52.89765],[-170.19859,52.91643],[-170.17689,52.93514],[-170.11652,52.96313],[-170.04611,52.97312],[-169.96342,52.96322],[-169.92975,52.95158],[-169.91049,52.93521],[-169.90816,52.92255],[-169.8855,52.93258],[-169.81775,52.93736],[-169.84289,52.96952],[-169.83295,53.00996],[-169.86508,53.02437],[-169.88343,53.05145],[-169.87296,53.08919],[-169.86075,53.10501],[-169.81409,53.12664],[-169.75915,53.13405],[-169.70064,53.11645],[-169.66423,53.08568],[-169.61407,53.06981],[-169.58064,53.03216],[-169.57511,53.00177],[-169.58037,52.98239],[-169.63361,52.92906],[-169.61488,52.91208],[-169.61564,52.90333],[-169.59339,52.88952],[-169.58861,52.80056],[-169.61879,52.78064],[-169.62746,52.75068],[-169.65972,52.72623],[-169.70306,52.7161],[-169.73804,52.72099],[-169.78499,52.73673],[-169.82032,52.75943],[-169.84875,52.76311],[-169.90385,52.74057],[-169.97555,52.73812],[-169.9818,52.71202],[-170.01931,52.68237],[-170.08658,52.66262],[-170.17375,52.66289],[-170.25006,52.68109],[-170.26359,52.69732],[-170.27491,52.73763],[-170.26729,52.76425],[-170.20676,52.82276],[-170.15279,52.83582]]],[[[-165.97636,53.77106],[-166.08152,53.72546],[-166.09862,53.69965],[-166.17494,53.65978],[-166.37866,53.60214],[-166.52229,53.49329],[-166.58118,53.47254],[-166.58922,53.45716],[-166.7248,53.3942],[-166.8829,53.37757],[-166.92736,53.38513],[-166.98957,53.37325],[-167.03626,53.38176],[-167.05503,53.37242],[-167.10676,53.36699],[-167.21988,53.32551],[-167.22572,53.31083],[-167.25515,53.28733],[-167.32817,53.27159],[-167.36438,53.27651],[-167.40418,53.258],[-167.44858,53.21392],[-167.52214,53.18601],[-167.59251,53.17405],[-167.66928,53.17205],[-167.76844,53.18201],[-167.87079,53.20593],[-168.01052,53.22027],[-168.04405,53.24419],[-168.06894,53.2297],[-168.13216,53.21928],[-168.15696,53.20431],[-168.15107,53.19051],[-168.1699,53.15859],[-168.21632,53.14137],[-168.25771,53.1419],[-168.30249,53.09615],[-168.33399,53.08319],[-168.32217,53.06864],[-168.32049,53.05007],[-168.34088,53.03005],[-168.31927,53.00924],[-168.31484,52.98215],[-168.33716,52.95692],[-168.40268,52.92925],[-168.47627,52.91948],[-168.52203,52.93373],[-168.55711,52.95822],[-168.60442,52.93541],[-168.60968,52.91573],[-168.67583,52.89476],[-168.68999,52.87574],[-168.743,52.85473],[-168.82705,52.85839],[-168.87516,52.83062],[-168.97766,52.80563],[-169.00622,52.78556],[-169.07938,52.77797],[-169.14073,52.74101],[-169.18884,52.7247],[-169.22806,52.71461],[-169.26762,52.71628],[-169.31072,52.73285],[-169.32659,52.75354],[-169.32055,52.78372],[-169.29427,52.81163],[-169.18821,52.85067],[-169.22676,52.86118],[-169.25542,52.8845],[-169.25885,52.91328],[-169.23388,52.9459],[-169.19713,52.96488],[-169.10941,52.95839],[-169.06573,52.98129],[-169.00009,52.9828],[-168.99947,53.01061],[-168.96535,53.05075],[-168.87278,53.08172],[-168.8907,53.10855],[-168.88307,53.15017],[-168.85945,53.18815],[-168.81943,53.22168],[-168.7398,53.27148],[-168.69905,53.28037],[-168.68934,53.30327],[-168.66687,53.31522],[-168.5043,53.36289],[-168.4776,53.37869],[-168.49636,53.42108],[-168.47667,53.4506],[-168.42524,53.48631],[-168.41526,53.50945],[-168.31817,53.5395],[-168.30913,53.55561],[-168.28401,53.57114],[-168.08034,53.62049],[-168.04033,53.61028],[-167.94835,53.61039],[-167.87504,53.56905],[-167.76231,53.56802],[-167.71823,53.54862],[-167.69599,53.51461],[-167.71054,53.47312],[-167.76123,53.43161],[-167.75243,53.42151],[-167.72772,53.43403],[-167.64812,53.44209],[-167.60802,53.45806],[-167.5552,53.46542],[-167.50266,53.49532],[-167.42239,53.49813],[-167.41183,53.51533],[-167.36047,53.54007],[-167.29628,53.53973],[-167.23038,53.56673],[-167.24703,53.61469],[-167.24438,53.62942],[-167.21523,53.6582],[-167.15568,53.67834],[-167.15392,53.69362],[-167.1382,53.70942],[-167.16488,53.77384],[-167.23407,53.81424],[-167.24289,53.85467],[-167.23008,53.88825],[-167.1763,53.91185],[-167.17417,53.93211],[-167.16074,53.9539],[-167.0957,53.97585],[-167.07664,53.99832],[-167.05399,54.00861],[-166.93653,54.02716],[-166.91041,54.04002],[-166.8202,54.04804],[-166.78519,54.06598],[-166.7558,54.06882],[-166.51115,54.05779],[-166.35444,54.06111],[-166.30507,54.05106],[-166.28641,54.03373],[-166.24322,54.03023],[-166.20807,54.04797],[-166.14083,54.04693],[-166.14053,54.05713],[-166.17225,54.07519],[-166.19901,54.10351],[-166.20243,54.11982],[-166.16512,54.19509],[-166.13754,54.21425],[-166.03394,54.26095],[-165.93722,54.27699],[-165.769,54.23918],[-165.76731,54.25523],[-165.72516,54.30627],[-165.69617,54.33223],[-165.65555,54.34705],[-165.57868,54.34144],[-165.49896,54.34912],[-165.43133,54.34069],[-165.40677,54.32668],[-165.38848,54.28813],[-165.34518,54.25103],[-165.26302,54.23654],[-165.23207,54.21652],[-165.23204,54.1957],[-165.24282,54.17787],[-165.32097,54.14453],[-165.27117,54.14413],[-165.24382,54.15929],[-165.15026,54.18052],[-165.06687,54.18009],[-165.03151,54.20888],[-164.97497,54.21488],[-164.9662,54.22643],[-164.91124,54.25469],[-164.80537,54.28239],[-164.70891,54.26402],[-164.68776,54.25012],[-164.68064,54.23217],[-164.68238,54.20186],[-164.69206,54.18218],[-164.71449,54.16612],[-164.75396,54.15489],[-164.77619,54.13586],[-164.82194,54.13081],[-164.84119,54.09024],[-164.86556,54.07529],[-164.88105,54.04343],[-164.9228,54.02848],[-165.02726,54.01294],[-165.18446,54.01701],[-165.26963,53.98073],[-165.30288,53.98073],[-165.38096,54.01644],[-165.40307,54.01713],[-165.46862,53.9864],[-165.56324,53.96728],[-165.60671,53.97684],[-165.63229,53.99756],[-165.65717,54.03634],[-165.70267,54.03414],[-165.75011,54.01661],[-165.78897,54.01624],[-165.82807,53.97823],[-165.88688,53.97026],[-165.96109,53.91624],[-165.92267,53.84596],[-165.93034,53.81887],[-165.97636,53.77106]]],[[[-167.99765,53.99069],[-167.97,53.97739],[-167.95904,53.9637],[-167.95345,53.93654],[-167.95611,53.91273],[-167.98406,53.8865],[-168.02294,53.87492],[-168.05533,53.87634],[-168.08304,53.88296],[-168.12885,53.9195],[-168.13502,53.95146],[-168.11097,53.98156],[-168.08296,53.99244],[-167.99765,53.99069]]],[[[-163.24251,55.51772],[-163.15661,55.53105],[-163.10137,55.50607],[-163.03316,55.44276],[-163.02794,55.42083],[-163.0345,55.4037],[-163.07096,55.36133],[-163.132,55.34379],[-163.19627,55.35078],[-163.23536,55.36611],[-163.26237,55.3942],[-163.27192,55.42385],[-163.25213,55.45382],[-163.2715,55.47701],[-163.26793,55.49429],[-163.24251,55.51772]]],[[[-169.80253,56.67397],[-169.62191,56.66134],[-169.50926,56.66747],[-169.43867,56.6537],[-169.40164,56.63655],[-169.38225,56.61475],[-169.37754,56.58773],[-169.42047,56.54926],[-169.47941,56.52685],[-169.52664,56.49298],[-169.58126,56.48323],[-169.67609,56.49623],[-169.72752,56.51464],[-169.76374,56.54072],[-169.80478,56.54737],[-169.83039,56.56033],[-169.88024,56.60203],[-169.87759,56.63054],[-169.85288,56.65888],[-169.80253,56.67397]]],[[[-170.42305,57.25751],[-170.33446,57.27237],[-170.2617,57.26413],[-170.22293,57.27516],[-170.19102,57.29735],[-170.10948,57.30527],[-170.06538,57.29793],[-170.01651,57.26658],[-170.01236,57.25409],[-170.02978,57.22086],[-170.0808,57.19227],[-170.07831,57.16946],[-170.11178,57.13671],[-170.22325,57.0766],[-170.25892,57.06213],[-170.30537,57.05674],[-170.3061,57.02952],[-170.35413,57.00232],[-170.44414,56.99613],[-170.48728,57.01252],[-170.50849,57.0464],[-170.50837,57.06237],[-170.46952,57.09277],[-170.4148,57.10473],[-170.47066,57.11365],[-170.49526,57.12831],[-170.51947,57.16218],[-170.5108,57.17426],[-170.52271,57.19337],[-170.49009,57.22554],[-170.42305,57.25751]]],[[[-169.90975,57.2363],[-169.87123,57.22154],[-169.84769,57.1849],[-169.84903,57.17617],[-169.88687,57.14544],[-169.93026,57.13212],[-169.98907,57.13041],[-170.02246,57.14432],[-170.04401,57.16505],[-170.04912,57.19568],[-170.0252,57.21684],[-169.96041,57.23742],[-169.90975,57.2363]]],[[[-167.4377,60.26285],[-167.30983,60.29072],[-167.15346,60.28243],[-167.10257,60.29004],[-167.01807,60.26623],[-166.94378,60.2781],[-166.91872,60.30453],[-166.88595,60.31755],[-166.87341,60.3312],[-166.81261,60.35058],[-166.7633,60.38128],[-166.73934,60.38786],[-166.66631,60.38579],[-166.62012,60.41295],[-166.50578,60.44764],[-166.44362,60.44448],[-166.40287,60.4262],[-166.34982,60.41774],[-166.31645,60.43897],[-166.27633,60.45161],[-166.27093,60.47862],[-166.24933,60.49113],[-166.20859,60.50519],[-166.15243,60.51075],[-166.05419,60.46949],[-165.99977,60.41129],[-165.99831,60.4004],[-166.00953,60.3877],[-165.98137,60.37409],[-165.9495,60.39378],[-165.89938,60.4032],[-165.82845,60.39005],[-165.78247,60.40487],[-165.73847,60.40561],[-165.67148,60.38346],[-165.64739,60.36231],[-165.64948,60.34882],[-165.61705,60.3449],[-165.58619,60.32978],[-165.56152,60.30173],[-165.57437,60.2733],[-165.57071,60.25896],[-165.5883,60.24141],[-165.5666,60.21565],[-165.57037,60.19785],[-165.5885,60.17888],[-165.57623,60.16571],[-165.57716,60.15078],[-165.55968,60.13333],[-165.56397,60.11266],[-165.55746,60.09919],[-165.57317,60.07506],[-165.56662,60.05873],[-165.55338,60.05416],[-165.53936,60.03498],[-165.47968,60.02161],[-165.45188,59.99042],[-165.40254,59.96786],[-165.43913,59.93604],[-165.46091,59.89501],[-165.49547,59.87018],[-165.65782,59.83626],[-165.73902,59.84135],[-165.77327,59.82047],[-165.82486,59.80675],[-165.96482,59.72297],[-166.01245,59.70538],[-166.09972,59.69405],[-166.17695,59.69982],[-166.24211,59.71709],[-166.32185,59.77314],[-166.36639,59.77966],[-166.42967,59.80164],[-166.56422,59.79611],[-166.65434,59.80239],[-166.73678,59.8383],[-166.82891,59.85233],[-166.86813,59.88126],[-166.94062,59.91191],[-167.04204,59.93576],[-167.13784,59.94403],[-167.22273,59.99385],[-167.29341,59.99919],[-167.32415,60.01846],[-167.38558,60.02121],[-167.41799,60.03416],[-167.44077,60.05646],[-167.44297,60.09545],[-167.43645,60.10876],[-167.46458,60.12465],[-167.47324,60.14891],[-167.50544,60.15697],[-167.5603,60.20596],[-167.5508,60.24055],[-167.50807,60.26311],[-167.4377,60.26285]]],[[[-172.67341,60.24978],[-172.64922,60.23689],[-172.63432,60.20074],[-172.69419,60.15461],[-172.76179,60.14068],[-172.82964,60.14211],[-172.88102,60.16879],[-172.89036,60.18212],[-172.88569,60.2088],[-172.86701,60.22214],[-172.79694,60.24882],[-172.73154,60.26216],[-172.67341,60.24978]]],[[[-173.05907,60.74775],[-172.98976,60.73181],[-172.96225,60.70981],[-172.94385,60.6507],[-172.86105,60.63757],[-172.82884,60.62225],[-172.81504,60.60255],[-172.81533,60.55785],[-172.76025,60.51418],[-172.68784,60.48012],[-172.53002,60.43574],[-172.39357,60.43651],[-172.34754,60.42775],[-172.2601,60.37957],[-172.14504,60.34015],[-172.10909,60.31401],[-172.10877,60.30343],[-172.14352,60.27145],[-172.18949,60.25082],[-172.29551,60.23883],[-172.36158,60.25201],[-172.37919,60.26071],[-172.3884,60.2755],[-172.40753,60.27876],[-172.59613,60.25862],[-172.67936,60.27803],[-172.71538,60.29622],[-172.80238,60.31865],[-172.84795,60.31838],[-172.91023,60.33962],[-172.92536,60.35258],[-172.93145,60.38968],[-173.06739,60.4399],[-173.14487,60.4571],[-173.15827,60.46749],[-173.17052,60.49648],[-173.15646,60.52214],[-173.16322,60.53832],[-173.15402,60.56459],[-173.14022,60.57553],[-173.23683,60.64558],[-173.21843,60.67623],[-173.19083,60.68937],[-173.19083,60.70688],[-173.17703,60.72001],[-173.10041,60.74517],[-173.05907,60.74775]]],[[[-171.8602,63.67474],[-171.86517,63.7055],[-171.83533,63.74336],[-171.84031,63.76939],[-171.85593,63.78567],[-171.84598,63.79987],[-171.77637,63.83772],[-171.71467,63.83606],[-171.67473,63.84368],[-171.6175,63.83364],[-171.54883,63.80046],[-171.52703,63.77652],[-171.52068,63.75024],[-171.5356,63.72187],[-171.25132,63.66744],[-170.95915,63.62589],[-170.6567,63.72355],[-170.61993,63.72346],[-170.50403,63.7534],[-170.29685,63.75557],[-170.16808,63.71989],[-169.98563,63.62296],[-169.9266,63.52674],[-169.79299,63.49074],[-169.60229,63.48063],[-169.4838,63.43563],[-169.45554,63.41502],[-169.23455,63.39073],[-169.035,63.38745],[-168.7047,63.35471],[-168.60836,63.33506],[-168.58772,63.32523],[-168.57862,63.30867],[-168.58669,63.27247],[-168.60428,63.25159],[-168.60926,63.22936],[-168.73346,63.13155],[-168.69666,63.10922],[-168.68279,63.08467],[-168.70073,63.05693],[-168.76409,63.02762],[-168.83733,63.01617],[-168.91749,63.03112],[-168.94036,63.04633],[-168.9487,63.06247],[-168.94661,63.07445],[-168.92278,63.09957],[-169.02779,63.12453],[-169.14255,63.1278],[-169.26378,63.11847],[-169.28233,63.11441],[-169.36797,63.06108],[-169.45108,63.03855],[-169.41986,62.97386],[-169.43632,62.94744],[-169.46155,62.93284],[-169.52534,62.92466],[-169.5521,62.90291],[-169.59104,62.88787],[-169.6388,62.88491],[-169.72789,62.89633],[-169.83895,62.92589],[-169.8646,62.9447],[-169.86326,62.98014],[-169.87773,62.99714],[-169.88378,63.02007],[-169.90141,63.03736],[-170.11542,63.12725],[-170.17673,63.12534],[-170.32802,63.13872],[-170.35942,63.14774],[-170.40046,63.18223],[-170.40088,63.19368],[-170.38345,63.21075],[-170.43908,63.2516],[-170.51528,63.28791],[-170.59689,63.31162],[-170.90825,63.36994],[-171.04838,63.37369],[-171.12787,63.3502],[-171.16605,63.34816],[-171.1913,63.32469],[-171.2514,63.29257],[-171.32623,63.2827],[-171.4356,63.25267],[-171.59455,63.26955],[-171.65155,63.29104],[-171.81082,63.32855],[-171.88489,63.37759],[-171.96532,63.47287],[-171.94473,63.57062],[-171.92484,63.61085],[-171.90992,63.61795],[-171.90495,63.63924],[-171.8602,63.67474]]],[[[-167.95308,65.02348],[-167.9243,65.00273],[-167.91383,64.96994],[-167.95309,64.93299],[-167.97615,64.92287],[-168.03703,64.90928],[-168.09088,64.91111],[-168.18703,64.9349],[-168.21011,64.95137],[-168.21396,64.98432],[-168.20791,65.00329],[-168.15616,65.02917],[-168.07611,65.04329],[-168.00487,65.0389],[-167.95308,65.02348]]],[[[-168.66603,65.65983],[-168.63791,65.63986],[-168.62682,65.61237],[-168.63368,65.60136],[-168.67347,65.58417],[-168.7661,65.57148],[-168.82914,65.58461],[-168.86954,65.61313],[-168.85674,65.6406],[-168.84119,65.65298],[-168.79462,65.67122],[-168.71059,65.67314],[-168.66603,65.65983]]],[[[-168.861,65.81781],[-168.78706,65.78462],[-168.78088,65.76447],[-168.76247,65.75117],[-168.76735,65.73075],[-168.78549,65.71632],[-168.88093,65.68579],[-168.9719,65.68876],[-168.97103,65.81465],[-168.92696,65.82226],[-168.861,65.81781]]],[[[-154.93185,19.71547],[-154.92893,19.6736],[-154.91145,19.66204],[-154.88678,19.625],[-154.79755,19.57567],[-154.75933,19.53646],[-154.75584,19.52078],[-154.75787,19.5],[-154.78613,19.44038],[-154.93966,19.31283],[-155.07934,19.25409],[-155.10551,19.23427],[-155.17562,19.21139],[-155.26841,19.21949],[-155.32538,19.17128],[-155.39143,19.14436],[-155.41883,19.11419],[-155.4661,19.09535],[-155.49488,19.07159],[-155.51655,19.01148],[-155.53737,18.98906],[-155.55747,18.94344],[-155.61606,18.89025],[-155.663,18.86616],[-155.70597,18.8703],[-155.7229,18.88252],[-155.73997,18.91689],[-155.78173,18.93342],[-155.82823,18.96654],[-155.875,18.97643],[-155.92593,19.00815],[-155.95406,19.05362],[-155.97447,19.11274],[-155.94321,19.34423],[-155.96362,19.38652],[-155.97811,19.44581],[-155.99913,19.46618],[-156.01286,19.5],[-156.03028,19.58748],[-156.03893,19.60095],[-156.07859,19.625],[-156.12,19.72718],[-156.09567,19.81501],[-156.05354,19.84353],[-156.01239,19.88975],[-155.96243,19.90915],[-155.93888,19.96152],[-155.88431,20.01833],[-155.93227,20.08345],[-155.95772,20.16761],[-155.95767,20.23497],[-155.94238,20.27163],[-155.91764,20.2997],[-155.85164,20.32141],[-155.79289,20.30927],[-155.7404,20.28893],[-155.68885,20.24478],[-155.58209,20.18132],[-155.54075,20.18025],[-155.44138,20.1501],[-155.2524,20.06345],[-155.14033,19.98948],[-155.08605,19.94174],[-155.03162,19.875],[-155.03332,19.79342],[-154.97785,19.7814],[-154.94832,19.75],[-154.93185,19.71547]]],[[[-156.40491,20.97418],[-156.33922,21.00419],[-156.26858,21.00375],[-156.1953,20.9715],[-156.13636,20.91744],[-156.09592,20.89848],[-156.08169,20.88073],[-156.03229,20.85986],[-156.0,20.85212],[-156.0,20.875],[-155.95899,20.875],[-155.93913,20.83659],[-155.92678,20.78174],[-155.9281,20.72479],[-155.94965,20.67683],[-156.02592,20.60626],[-156.07327,20.59841],[-156.13527,20.56984],[-156.19561,20.57715],[-156.29047,20.5369],[-156.375,20.52899],[-156.43738,20.54393],[-156.48451,20.57908],[-156.48336,20.51317],[-156.5122,20.47478],[-156.53346,20.46298],[-156.75,20.45434],[-156.75,20.49999],[-156.74426,20.5],[-156.75574,20.53528],[-156.73365,20.58184],[-156.70444,20.60459],[-156.59773,20.65788],[-156.54963,20.65803],[-156.53166,20.67922],[-156.49573,20.69158],[-156.51187,20.73539],[-156.54682,20.73249],[-156.58693,20.75],[-156.625,20.75],[-156.625,20.76308],[-156.65986,20.77842],[-156.72861,20.8517],[-156.75235,20.92413],[-156.75,20.96077],[-156.73217,21.01093],[-156.67042,21.07669],[-156.59103,21.09241],[-156.55951,21.08234],[-156.49073,21.03544],[-156.47538,21.01921],[-156.46343,20.97955],[-156.45109,20.96876],[-156.40491,20.97418]]],[[[-156.9051,20.97592],[-156.86847,20.96438],[-156.82333,20.93081],[-156.75746,20.85077],[-156.75,20.8076],[-156.7823,20.75],[-156.81699,20.71979],[-156.84542,20.71168],[-156.875,20.69096],[-156.97381,20.68678],[-157.0,20.69689],[-157.02728,20.72873],[-157.04518,20.77047],[-157.04807,20.82055],[-157.07521,20.8273],[-157.11268,20.875],[-157.11123,20.93123],[-157.08883,20.9584],[-157.03527,20.9833],[-156.9051,20.97592]]],[[[-156.80152,21.23392],[-156.72208,21.22606],[-156.67583,21.2024],[-156.65957,21.18191],[-156.65089,21.14502],[-156.65771,21.1149],[-156.67259,21.09572],[-156.69399,21.08779],[-156.75,21.04383],[-156.83695,21.0],[-156.875,21.0],[-156.87792,20.99336],[-156.91454,20.99758],[-157.01056,21.03548],[-157.05024,21.0427],[-157.07756,21.05836],[-157.23144,21.0431],[-157.32124,21.05068],[-157.34912,21.07224],[-157.36655,21.10096],[-157.36566,21.125],[-157.34989,21.15709],[-157.31167,21.20413],[-157.31052,21.24452],[-157.27219,21.27656],[-157.21424,21.27861],[-157.15899,21.2579],[-157.03016,21.24395],[-157.00909,21.26595],[-156.97129,21.27437],[-156.9274,21.25658],[-156.91028,21.22957],[-156.87119,21.23189],[-156.85351,21.22271],[-156.80152,21.23392]]],[[[-158.32425,21.61567],[-158.175,21.63201],[-158.14885,21.642],[-158.12224,21.6657],[-158.12023,21.6573],[-158.09554,21.70299],[-158.05014,21.73988],[-157.99175,21.76296],[-157.94179,21.75458],[-157.88145,21.70518],[-157.84415,21.6218],[-157.80205,21.5901],[-157.78095,21.54461],[-157.76193,21.52639],[-157.74725,21.51531],[-157.70261,21.51871],[-157.65055,21.48509],[-157.64075,21.4627],[-157.65215,21.43911],[-157.63855,21.41781],[-157.62845,21.37662],[-157.6023,21.34152],[-157.59791,21.29513],[-157.60769,21.26913],[-157.67578,21.2138],[-157.7197,21.20949],[-157.74531,21.22167],[-157.81023,21.19924],[-157.85907,21.21314],[-157.89866,21.24994],[-157.93145,21.24834],[-157.96356,21.25774],[-158.09159,21.23786],[-158.13476,21.24239],[-158.16435,21.27233],[-158.18325,21.34594],[-158.22885,21.37563],[-158.24005,21.41153],[-158.28593,21.46516],[-158.29016,21.49682],[-158.30135,21.49682],[-158.29865,21.52472],[-158.32865,21.546],[-158.34405,21.56978],[-158.34465,21.58318],[-158.32425,21.61567]]],[[[-160.50879,21.70324],[-160.49414,21.69054],[-160.4832,21.66519],[-160.48492,21.63243],[-160.53083,21.60106],[-160.57073,21.60666],[-160.59075,21.625],[-160.60036,21.64927],[-160.59187,21.68586],[-160.55031,21.71206],[-160.50879,21.70324]]],[[[-160.1995,21.98128],[-160.17401,21.99148],[-160.15954,22.04132],[-160.14042,22.07332],[-160.10031,22.0825],[-160.05672,22.06834],[-160.01829,22.03001],[-159.99563,21.98214],[-160.0275,21.93121],[-160.02291,21.89646],[-160.03103,21.86936],[-160.05941,21.84559],[-160.12202,21.82496],[-160.17031,21.73955],[-160.2183,21.7288],[-160.26578,21.74618],[-160.27821,21.75778],[-160.29853,21.7905],[-160.30436,21.85379],[-160.27995,21.92064],[-160.1995,21.98128]]],[[[-159.32011,21.8983],[-159.4039,21.83495],[-159.44952,21.81744],[-159.5,21.83357],[-159.62477,21.84387],[-159.71171,21.90756],[-159.77527,21.93046],[-159.80861,21.9529],[-159.85005,22.01649],[-159.84812,22.07607],[-159.83772,22.09423],[-159.80111,22.125],[-159.78883,22.16011],[-159.76341,22.18975],[-159.67725,22.22711],[-159.61295,22.27224],[-159.57488,22.28295],[-159.52465,22.27549],[-159.48404,22.28592],[-159.43276,22.27804],[-159.40292,22.29047],[-159.37979,22.28329],[-159.3088,22.25],[-159.26552,22.20391],[-159.24578,22.16681],[-159.24261,22.11187],[-159.28371,22.0185],[-159.28435,21.94064],[-159.32011,21.8983]]],[[[-161.88758,23.11038],[-161.863,23.08518],[-161.85806,23.06081],[-161.875,23.01924],[-161.9319,23.00531],[-161.95517,23.00917],[-161.97606,23.02556],[-161.98544,23.04113],[-161.98755,23.06992],[-161.98252,23.09127],[-161.96545,23.10499],[-161.91944,23.11399],[-161.88758,23.11038]]],[[[-118.5421,33.07379],[-118.51497,33.04989],[-118.44886,32.96175],[-118.29725,32.84509],[-118.28878,32.82083],[-118.30285,32.78885],[-118.34319,32.76706],[-118.37838,32.77023],[-118.40832,32.75191],[-118.43654,32.75004],[-118.46471,32.76018],[-118.55319,32.8288],[-118.59693,32.89047],[-118.6088,32.92769],[-118.63552,32.9656],[-118.64473,33.00003],[-118.67017,33.00003],[-118.6782,33.03973],[-118.66385,33.06685],[-118.63264,33.08454],[-118.57834,33.08624],[-118.5421,33.07379]]],[[[-119.52965,33.33522],[-119.43,33.30103],[-119.37973,33.26763],[-119.36013,33.23487],[-119.37594,33.19219],[-119.43372,33.16699],[-119.47649,33.16349],[-119.57419,33.18648],[-119.60528,33.20692],[-119.63128,33.24497],[-119.63607,33.28071],[-119.62594,33.30504],[-119.59922,33.32328],[-119.52965,33.33522]]],[[[-118.60501,33.53221],[-118.52938,33.53118],[-118.47728,33.51543],[-118.42084,33.48178],[-118.35939,33.46492],[-118.33277,33.44804],[-118.31635,33.43414],[-118.3041,33.40363],[-118.25771,33.36413],[-118.24129,33.32302],[-118.24908,33.28414],[-118.2807,33.25909],[-118.32799,33.24808],[-118.38559,33.26536],[-118.45507,33.26902],[-118.51039,33.28966],[-118.54748,33.34048],[-118.54793,33.3768],[-118.61857,33.40619],[-118.66592,33.46733],[-118.66371,33.50002],[-118.64406,33.52128],[-118.60501,33.53221]]],[[[-118.98215,33.52426],[-118.96276,33.48521],[-118.97848,33.43111],[-119.00093,33.41849],[-119.05307,33.41102],[-119.09413,33.42687],[-119.10888,33.45115],[-119.10721,33.50002],[-119.11895,33.50002],[-119.10421,33.52289],[-119.0765,33.53515],[-119.03074,33.54012],[-119.00093,33.5359],[-118.98215,33.52426]]],[[[-119.53895,33.94766],[-119.63673,33.93828],[-119.70749,33.91039],[-119.77283,33.91241],[-119.82321,33.89939],[-119.86195,33.91084],[-119.90476,33.93967],[-119.91893,33.91435],[-119.93919,33.89864],[-119.98084,33.89232],[-120.02781,33.86651],[-120.09045,33.84632],[-120.12596,33.84235],[-120.22113,33.88419],[-120.26449,33.91892],[-120.28003,33.95394],[-120.29897,33.96846],[-120.36707,33.96104],[-120.41177,33.97705],[-120.46678,33.97612],[-120.48815,33.98428],[-120.51878,34.01408],[-120.52339,34.05113],[-120.567,34.06864],[-120.58155,34.09149],[-120.58226,34.10752],[-120.56785,34.13562],[-120.53812,34.15034],[-120.49738,34.14989],[-120.47165,34.1341],[-120.41879,34.16057],[-120.35516,34.14502],[-120.33856,34.12169],[-120.28465,34.09475],[-120.25285,34.05803],[-120.19758,34.05815],[-120.17113,34.07332],[-120.10292,34.07449],[-120.08028,34.0864],[-120.04515,34.09061],[-120.01021,34.08404],[-119.99164,34.06487],[-119.96547,34.11256],[-119.9288,34.1299],[-119.82922,34.1187],[-119.7926,34.10637],[-119.75098,34.11258],[-119.69301,34.09485],[-119.65493,34.07122],[-119.61427,34.09943],[-119.55743,34.1086],[-119.51211,34.09346],[-119.46784,34.06293],[-119.34246,34.06896],[-119.31209,34.05439],[-119.2944,34.0275],[-119.29624,33.99724],[-119.30409,33.98654],[-119.36283,33.95876],[-119.43296,33.9559],[-119.49229,33.98321],[-119.53895,33.94766]]],[[[-114.71981842457255,32.71871810818801],[-117.20505,32.52951],[-117.2233,32.62124],[-117.24679,32.61485],[-117.26879,32.61941],[-117.30924,32.6564],[-117.32094,32.68985],[-117.3303,32.80482],[-117.342,32.84035],[-117.32328,32.90306],[-117.37587,33.07522],[-117.43556,33.17751],[-117.46787,33.21249],[-117.57153,33.3123],[-117.62588,33.34211],[-117.71357,33.40878],[-117.74141,33.41012],[-117.81636,33.49087],[-117.93405,33.54925],[-118.04985,33.62001],[-118.09647,33.65365],[-118.1259,33.69715],[-118.23701,33.69059],[-118.27424,33.66343],[-118.31913,33.65955],[-118.34541,33.66343],[-118.46696,33.72552],[-118.48558,33.75366],[-118.48448,33.80315],[-118.44397,33.83906],[-118.44725,33.84876],[-118.52345,33.95305],[-118.55736,33.98767],[-118.72746,33.98031],[-118.78653,33.95143],[-118.81475,33.94721],[-118.84112,33.95537],[-118.8873,33.98722],[-118.95243,33.99296],[-119.15896,34.04025],[-119.21799,34.06249],[-119.28574,34.1408],[-119.33489,34.23687],[-119.37594,34.24988],[-119.40199,34.27226],[-119.46699,34.29366],[-119.50095,34.32692],[-119.58479,34.36166],[-119.65136,34.36671],[-119.71613,34.33611],[-119.79707,34.36533],[-119.83792,34.35432],[-119.89152,34.35746],[-119.91653,34.37261],[-120.02436,34.40934],[-120.09067,34.40929],[-120.14728,34.42292],[-120.28713,34.41761],[-120.45602,34.39148],[-120.501,34.40314],[-120.52365,34.4195],[-120.55944,34.48847],[-120.59433,34.50407],[-120.64236,34.50377],[-120.68221,34.52533],[-120.70645,34.55191],[-120.71333,34.57496],[-120.70531,34.62141],[-120.68648,34.64502],[-120.66469,34.69634],[-120.70209,34.74833],[-120.67328,34.83862],[-120.72032,34.86924],[-120.73438,34.9015],[-120.72675,34.94381],[-120.69471,35.02884],[-120.68961,35.09883],[-120.7255,35.11358],[-120.75243,35.10946],[-120.80041,35.11658],[-120.85693,35.14281],[-120.91779,35.18738],[-120.94903,35.22102],[-120.96125,35.24997],[-120.95333,35.28485],[-120.92344,35.34841],[-120.93329,35.39275],[-121.04164,35.41999],[-121.15106,35.51641],[-121.17776,35.56125],[-121.20156,35.58369],[-121.32351,35.62497],[-121.34772,35.66498],[-121.36636,35.68042],[-121.39346,35.7634],[-121.4285,35.78591],[-121.4561,35.81771],[-121.50105,35.84274],[-121.56146,35.94382],[-121.63182,35.97894],[-121.64818,35.99862],[-121.67436,36.06466],[-121.72781,36.12901],[-121.77069,36.16201],[-121.88019,36.21031],[-121.90116,36.23965],[-121.95767,36.28512],[-121.98104,36.41963],[-121.99712,36.441],[-121.99947,36.46645],[-122.022,36.50891],[-122.01746,36.53741],[-122.04405,36.57825],[-122.04073,36.60012],[-122.00112,36.6477],[-122.0764,36.9102],[-122.17202,36.94268],[-122.25108,36.98583],[-122.27637,37.02483],[-122.3139,37.05476],[-122.34821,37.05567],[-122.37609,37.06565],[-122.39313,37.08716],[-122.39692,37.10989],[-122.44563,37.15004],[-122.46412,37.17785],[-122.48405,37.24994],[-122.46701,37.34989],[-122.50354,37.4119],[-122.50989,37.44155],[-122.547,37.45786],[-122.57278,37.48918],[-122.58818,37.57941],[-122.5675,37.63919],[-122.58817,37.78936],[-122.61229,37.81522],[-122.67565,37.84852],[-122.71585,37.84563],[-122.76677,37.8658],[-122.78903,37.89376],[-122.8298,37.91033],[-122.85046,37.94559],[-122.88929,37.97411],[-122.90228,37.97739],[-122.91917,37.95484],[-122.95322,37.94109],[-123.02251,37.94206],[-123.06797,37.95867],[-123.08388,37.98337],[-123.08513,38.00843],[-123.0638,38.03649],[-123.01482,38.14913],[-123.04962,38.21429],[-123.13452,38.29626],[-123.14133,38.31134],[-123.13431,38.34579],[-123.16476,38.38834],[-123.19616,38.41011],[-123.22022,38.44195],[-123.26919,38.45757],[-123.30674,38.47868],[-123.32381,38.49861],[-123.36093,38.5102],[-123.51058,38.68089],[-123.56609,38.70902],[-123.59196,38.74023],[-123.64125,38.76439],[-123.78468,38.89373],[-123.80986,38.96122],[-123.79722,38.98986],[-123.76315,39.00869],[-123.76197,39.04109],[-123.80921,39.14104],[-123.84077,39.18733],[-123.85009,39.2314],[-123.89494,39.34835],[-123.88889,39.44394],[-123.87513,39.49418],[-123.86783,39.5083],[-123.85265,39.51485],[-123.83465,39.54919],[-123.85252,39.59237],[-123.85718,39.67469],[-123.88031,39.68909],[-123.89574,39.71141],[-123.90097,39.78047],[-123.91053,39.79957],[-123.9536,39.82699],[-123.98295,39.87678],[-124.00545,39.88929],[-124.03536,39.93107],[-124.0786,39.97226],[-124.10858,39.97884],[-124.13325,39.99987],[-124.14411,40.01817],[-124.1441,40.0524],[-124.15376,40.06354],[-124.2312,40.09338],[-124.2721,40.13365],[-124.33369,40.16717],[-124.41103,40.22527],[-124.42822,40.25812],[-124.4279,40.2888],[-124.41828,40.31429],[-124.42806,40.36178],[-124.47244,40.41282],[-124.482,40.44032],[-124.45256,40.49308],[-124.44768,40.52971],[-124.40337,40.61317],[-124.23262,40.86929],[-124.19762,40.95053],[-124.18269,41.00131],[-124.20498,41.01364],[-124.22708,41.04662],[-124.24959,41.09903],[-124.25247,41.13407],[-124.23763,41.16596],[-124.19553,41.18458],[-124.1607,41.28929],[-124.22003,41.30299],[-124.23821,41.32145],[-124.24242,41.3433],[-124.23109,41.36886],[-124.20651,41.38472],[-124.17656,41.39035],[-124.13997,41.38182],[-124.13323,41.43231],[-124.16049,41.54341],[-124.18499,41.56577],[-124.19011,41.60819],[-124.20978,41.6352],[-124.21171,41.68119],[-124.33061,41.73379],[-124.39205,41.77238],[-124.43891,41.8245],[-124.43502,41.85651],[-124.41132,41.88206],[-124.3652,41.88657],[-124.33298,41.877],[-124.31194,41.85879],[-124.28503,41.85949],[-124.27612,41.90305],[-124.29194,41.9285],[-124.28858,41.96956],[-124.30699,41.99291],[-124.32883,41.99833],[-124.37505,42.02923],[-124.41627,42.07485],[-124.43246,42.13185],[-124.43351,42.16483],[-124.48203,42.2241],[-124.48588,42.24747],[-124.47826,42.278],[-124.49412,42.30177],[-124.48654,42.33828],[-124.50084,42.37483],[-124.49415,42.39609],[-124.5427,42.41525],[-124.56951,42.45459],[-124.56722,42.47779],[-124.55465,42.49414],[-124.51869,42.51108],[-124.50122,42.53539],[-124.46535,42.55303],[-124.48084,42.58158],[-124.47355,42.61473],[-124.50849,42.61956],[-124.53031,42.63228],[-124.54572,42.65717],[-124.54413,42.68382],[-124.58469,42.7193],[-124.66464,42.72048],[-124.69071,42.73825],[-124.70354,42.77037],[-124.64515,42.86189],[-124.62213,42.8772],[-124.60686,42.90352],[-124.57235,42.92251],[-124.53061,42.99983],[-124.50533,43.06795],[-124.51584,43.12483],[-124.50597,43.14338],[-124.48161,43.15944],[-124.46524,43.20031],[-124.47033,43.2455],[-124.4555,43.26823],[-124.47485,43.28857],[-124.47695,43.32937],[-124.42564,43.38589],[-124.38027,43.40285],[-124.34384,43.46501],[-124.29677,43.58596],[-124.28033,43.64839],[-124.2853,43.67273],[-124.26571,43.70156],[-124.23969,43.81105],[-124.20789,44.00213],[-124.21272,44.02457],[-124.19538,44.09746],[-124.20098,44.13952],[-124.18676,44.17648],[-124.18765,44.28856],[-124.15701,44.42159],[-124.15343,44.46504],[-124.16456,44.49984],[-124.13431,44.58318],[-124.15233,44.60934],[-124.13744,44.641],[-124.15396,44.67533],[-124.13912,44.71054],[-124.1483,44.7404],[-124.14156,44.83344],[-124.13621,44.84924],[-124.11657,44.86634],[-124.09793,44.92966],[-124.08621,45.00286],[-124.09747,45.02736],[-124.09356,45.05417],[-124.05581,45.12483],[-124.04479,45.166],[-124.05983,45.2156],[-124.04332,45.24517],[-124.04236,45.28218],[-124.07383,45.31751],[-124.07698,45.34185],[-124.06649,45.36697],[-124.04331,45.38406],[-124.0365,45.41334],[-124.03582,45.42205],[-124.06395,45.45151],[-124.06455,45.46757],[-124.05311,45.51422],[-124.02666,45.53788],[-124.03711,45.57172],[-124.02932,45.61246],[-124.01665,45.63212],[-124.01081,45.70828],[-124.06797,45.75032],[-124.06896,45.77272],[-124.05412,45.79753],[-124.05565,45.81649],[-124.0377,45.84161],[-124.04335,45.88709],[-124.08016,45.90826],[-124.09192,45.94345],[-124.07082,45.97394],[-124.03954,45.98594],[-124.00812,46.00994],[-124.00278,46.02754],[-124.0098,46.08197],[-124.05066,46.16391],[-124.06731,46.18385],[-124.10374,46.19311],[-124.13788,46.21624],[-124.16255,46.27173],[-124.13521,46.34937],[-124.13053,46.40832],[-124.1353,46.5423],[-124.14967,46.65008],[-124.14526,46.67047],[-124.16852,46.73042],[-124.17513,46.79373],[-124.1812,46.79374],[-124.19458,46.84409],[-124.20947,46.87481],[-124.23439,46.89119],[-124.24664,46.91781],[-124.24413,47.05865],[-124.27366,47.16507],[-124.30637,47.24808],[-124.3513,47.27639],[-124.35964,47.30934],[-124.39135,47.32977],[-124.41355,47.36873],[-124.42173,47.40685],[-124.40654,47.42802],[-124.42056,47.45597],[-124.41706,47.48154],[-124.4614,47.62496],[-124.51492,47.62371],[-124.55463,47.64443],[-124.56655,47.68024],[-124.5403,47.71645],[-124.64184,47.81942],[-124.70418,47.85474],[-124.72086,47.8883],[-124.75379,47.91052],[-124.75819,47.94398],[-124.79904,47.97254],[-124.80115,48.03781],[-124.7861,48.06133],[-124.78519,48.08711],[-124.84313,48.15843],[-124.84825,48.1882],[-124.82145,48.21759],[-124.7805,48.22858],[-124.79024,48.24635],[-124.78874,48.26637],[-124.76139,48.29569],[-124.77044,48.32354],[-124.80053,48.34998],[-124.81793,48.39442],[-124.80773,48.41755],[-124.78856,48.43217],[-124.74584,48.44566],[-124.77226,48.47381],[-124.76303,48.49978],[-124.01206,48.29667],[-123.67906,48.24],[-123.54122,48.22455],[-123.24844,48.28402],[-123.11514,48.42283],[-123.15987,48.45351],[-123.21893,48.54871],[-123.26788,48.69399],[-123.00849,48.7671],[-123.00849,48.83122],[-123.32224,49.00207],[-95.15319,48.99887],[-95.1534,49.38448],[-95.12871,49.37045],[-95.0583,49.35325],[-94.95739,49.3702],[-94.85406,49.32434],[-94.81626,49.3214],[-94.82554,49.29435],[-94.79733,49.21434],[-94.79798,49.19786],[-94.77278,49.12051],[-94.74965,49.09874],[-94.68346,48.88412],[-94.68429,48.87235],[-94.6924,48.86901],[-94.68558,48.84005],[-94.70429,48.82422],[-94.6909,48.778],[-94.65202,48.75615],[-94.64129,48.74122],[-94.61916,48.73726],[-94.58765,48.71758],[-94.54904,48.71474],[-94.53852,48.7027],[-94.45238,48.6924],[-94.41583,48.71097],[-94.34314,48.7034],[-94.30882,48.71027],[-94.2645,48.69899],[-94.25074,48.67812],[-94.25467,48.66144],[-94.2242,48.64946],[-93.84435,48.63022],[-93.83344,48.62559],[-93.80635,48.57951],[-93.81849,48.53141],[-93.79337,48.51631],[-93.65931,48.51641],[-93.62846,48.53187],[-93.61226,48.5224],[-93.46738,48.54645],[-93.45768,48.55972],[-93.46547,48.59164],[-93.43984,48.59368],[-93.40566,48.60983],[-93.37145,48.60585],[-93.35269,48.61348],[-93.34866,48.62645],[-93.25465,48.64281],[-93.20753,48.6425],[-93.17838,48.62326],[-92.98457,48.62382],[-92.95479,48.63154],[-92.95001,48.60835],[-92.72841,48.53937],[-92.63489,48.54256],[-92.62701,48.50327],[-92.69867,48.49484],[-92.71268,48.46298],[-92.68812,48.44371],[-92.65622,48.43647],[-92.50747,48.44798],[-92.47545,48.41862],[-92.45643,48.41408],[-92.4564,48.4011],[-92.4765,48.37191],[-92.46977,48.35209],[-92.43671,48.3089],[-92.41563,48.29509],[-92.36992,48.22028],[-92.33657,48.23566],[-92.26958,48.24818],[-92.29456,48.27121],[-92.30143,48.2883],[-92.29455,48.30622],[-92.30618,48.31625],[-92.28883,48.34281],[-92.26255,48.35491],[-92.21696,48.34496],[-92.14489,48.36569],[-92.1437,48.35602],[-92.05522,48.35936],[-92.04511,48.34573],[-92.04694,48.33477],[-92.00011,48.3211],[-92.01299,48.29744],[-92.00653,48.26541],[-91.98915,48.26028],[-91.97564,48.24432],[-91.96998,48.25377],[-91.9541,48.25226],[-91.94803,48.24593],[-91.95829,48.24384],[-91.95835,48.23313],[-91.8931,48.23798],[-91.86757,48.21918],[-91.86436,48.20695],[-91.81545,48.21181],[-91.78865,48.19634],[-91.75591,48.206],[-91.7484,48.19868],[-91.74208,48.20462],[-91.71536,48.1995],[-91.71037,48.19254],[-91.72436,48.17053],[-91.70483,48.17071],[-91.70811,48.153],[-91.69778,48.1416],[-91.71175,48.11465],[-91.68211,48.1225],[-91.68757,48.1119],[-91.66508,48.10715],[-91.65181,48.11396],[-91.63992,48.09711],[-91.55911,48.10859],[-91.55283,48.10324],[-91.56944,48.09369],[-91.57538,48.06671],[-91.57546,48.04894],[-91.56751,48.04379],[-91.48818,48.06838],[-91.45,48.06907],[-91.43859,48.05034],[-91.42957,48.04865],[-91.39088,48.05716],[-91.37083,48.06973],[-91.26677,48.07883],[-91.13733,48.14925],[-91.1426,48.15461],[-91.08247,48.18115],[-91.02369,48.19043],[-90.97698,48.21955],[-90.91509,48.23075],[-90.88576,48.24595],[-90.87509,48.23784],[-90.84768,48.24453],[-90.8393,48.23956],[-90.8364,48.17703],[-90.8247,48.17684],[-90.82102,48.18468],[-90.80408,48.17782],[-90.79643,48.15921],[-90.77793,48.16384],[-90.77784,48.14829],[-90.79822,48.13689],[-90.78222,48.13586],[-90.78979,48.13014],[-90.76875,48.11659],[-90.75158,48.09099],[-90.64149,48.10352],[-90.57968,48.1238],[-90.5591,48.12173],[-90.55551,48.11692],[-90.56974,48.10683],[-90.5567,48.09593],[-90.48669,48.09905],[-90.46739,48.10874],[-90.43845,48.09868],[-90.40315,48.10509],[-90.37429,48.09092],[-90.31004,48.10556],[-90.28925,48.09907],[-90.14083,48.11256],[-90.02333,48.08475],[-90.01484,48.06714],[-89.9981,48.05793],[-89.99382,48.02809],[-89.95311,48.01082],[-89.93458,48.01582],[-89.92213,47.99717],[-89.8955,47.98733],[-89.84721,47.99263],[-89.84481,48.00307],[-89.83132,47.9996],[-89.81994,48.01552],[-89.75007,48.02356],[-89.7237,48.02079],[-89.72418,48.01376],[-89.71624,48.01687],[-89.71613,48.00945],[-89.70241,48.00636],[-89.67291,48.01157],[-89.65087,48.00362],[-89.6107,48.01793],[-89.60815,48.00693],[-89.58097,47.99594],[-89.48339,48.01372],[-89.33755,47.97426],[-88.67744,48.2454],[-88.36986,48.30606],[-88.00008,48.16405],[-88.00008,48.15588],[-87.62509,48.02111],[-87.0631,47.79999],[-86.50013,47.56832],[-86.25014,47.4779],[-86.00014,47.36188],[-86.00014,47.36728],[-85.87514,47.31626],[-84.85934,46.88884],[-84.76296,46.63432],[-84.55696,46.46064],[-84.47559,46.45286],[-84.44515,46.48902],[-84.42027,46.50108],[-84.34196,46.5075],[-84.27581,46.49282],[-84.25486,46.50079],[-84.22613,46.53392],[-84.19402,46.54015],[-84.17743,46.52692],[-84.12893,46.53012],[-84.11123,46.50412],[-84.14617,46.41852],[-84.13891,46.37222],[-84.10625,46.32196],[-84.11963,46.31501],[-84.11556,46.26822],[-84.09777,46.25651],[-84.10809,46.24124],[-84.07703,46.18756],[-84.00568,46.14955],[-84.00587,46.11847],[-83.97613,46.10255],[-83.95542,46.05719],[-83.90347,46.06091],[-83.82624,46.11929],[-83.75953,46.10317],[-83.65465,46.12205],[-83.57147,46.106],[-83.43356,45.9989],[-83.63687,45.77394],[-83.48397,45.77194],[-82.52064,45.3359],[-82.12297,43.59083],[-82.411,43.01131],[-82.42372,42.99852],[-82.41347,42.97689],[-82.4167,42.96642],[-82.45603,42.92581],[-82.48257,42.80864],[-82.46767,42.76191],[-82.51085,42.66499],[-82.51004,42.63679],[-82.51893,42.61374],[-82.57881,42.56603],[-82.58548,42.55318],[-82.60574,42.54817],[-82.63372,42.5568],[-82.66189,42.54175],[-82.83025,42.37349],[-83.02623,42.32891],[-83.08002,42.30717],[-83.128,42.23869],[-83.13394,42.1748],[-83.1217,42.12543],[-83.14945,42.04026],[-83.06931,41.86422],[-82.68112,41.67633],[-82.39835,41.67652],[-81.7092,42.00004],[-81.68645,42.00004],[-81.24983,42.21641],[-80.08022,42.39416],[-78.99976,42.80437],[-78.93056,42.85011],[-78.90576,42.89996],[-78.90566,42.92336],[-78.93236,42.95586],[-78.96176,42.95776],[-79.01996,42.99476],[-79.02326,43.01636],[-78.99944,43.05606],[-79.00713,43.06576],[-79.07446,43.07786],[-79.05796,43.10696],[-79.06965,43.12032],[-79.0423,43.14366],[-79.0533,43.1739],[-79.04869,43.20016],[-79.05656,43.21032],[-79.05593,43.25467],[-79.07045,43.26246],[-79.20094,43.45042],[-78.6883,43.63474],[-76.77623,43.62953],[-76.75354,43.68427],[-76.49893,44.00006],[-76.43829,44.09417],[-76.35268,44.13474],[-76.31264,44.19905],[-76.24549,44.20366],[-76.20677,44.21454],[-76.16426,44.2396],[-76.16183,44.28078],[-76.13117,44.29637],[-76.09697,44.29971],[-76.04551,44.33179],[-76.00111,44.34787],[-75.97018,44.34253],[-75.91283,44.36781],[-75.82138,44.43204],[-75.80758,44.47171],[-75.76694,44.51527],[-75.50493,44.70535],[-75.42365,44.7561],[-75.41373,44.77218],[-75.36995,44.78288],[-75.34454,44.80914],[-75.33374,44.80638],[-75.30188,44.82648],[-75.30762,44.83681],[-75.29043,44.84558],[-75.21838,44.87777],[-75.13999,44.89695],[-75.13367,44.91538],[-75.06483,44.92945],[-75.02713,44.94657],[-75.00515,44.95841],[-74.99278,44.97744],[-74.90795,44.98337],[-74.88784,45.00005],[-74.82658,45.01586],[-74.80164,45.01457],[-74.79315,45.00464],[-74.76341,45.00561],[-74.76022,44.99494],[-74.7313,44.99042],[-74.72257,44.99806],[-74.67053,45.00629],[-74.66306,44.99892],[-74.15014,44.99136],[-73.06535,45.01596],[-72.63466,45.01469],[-72.31195,45.00379],[-71.49560436020441,45.013284632839756],[-71.50108,45.01335],[-71.50014,45.02608],[-71.49095,45.04317],[-71.50645,45.04848],[-71.4972,45.0558],[-71.49804,45.07019],[-71.46788,45.08365],[-71.44879,45.11257],[-71.42839,45.12367],[-71.4376,45.14188],[-71.39734,45.20352],[-71.40312,45.2153],[-71.44282,45.23829],[-71.42105,45.2322],[-71.40214,45.2426],[-71.38414,45.23351],[-71.35654,45.2539],[-71.36028,45.27033],[-71.33641,45.27274],[-71.29623,45.29914],[-71.28422,45.30236],[-71.28052,45.29459],[-71.26495,45.29379],[-71.25939,45.27203],[-71.24562,45.2688],[-71.23061,45.24942],[-71.19643,45.25405],[-71.1801,45.23994],[-71.16233,45.25035],[-71.14756,45.23943],[-71.12412,45.25514],[-71.0982,45.30167],[-71.00852,45.31924],[-71.00187,45.32843],[-71.01212,45.33387],[-71.01065,45.34768],[-70.98498,45.33191],[-70.95238,45.33912],[-70.93889,45.31998],[-70.91784,45.31172],[-70.912,45.29631],[-70.92133,45.27923],[-70.89851,45.25833],[-70.89694,45.24186],[-70.85753,45.22913],[-70.83758,45.23499],[-70.84863,45.24518],[-70.84894,45.26309],[-70.8319,45.27891],[-70.83546,45.29396],[-70.81154,45.30377],[-70.80758,45.32766],[-70.8199,45.3402],[-70.80292,45.36503],[-70.82595,45.39838],[-70.79809,45.42652],[-70.75458,45.42831],[-70.72965,45.3991],[-70.71201,45.39048],[-70.67817,45.39427],[-70.66166,45.38631],[-70.66078,45.37813],[-70.63489,45.38342],[-70.63632,45.39523],[-70.62127,45.40274],[-70.63505,45.41107],[-70.62982,45.42631],[-70.65073,45.44494],[-70.68111,45.45218],[-70.69172,45.47427],[-70.7164,45.48647],[-70.7116,45.50181],[-70.72257,45.51367],[-70.6771,45.55221],[-70.6892,45.56218],[-70.68769,45.56942],[-70.67809,45.5705],[-70.64457,45.60699],[-70.61915,45.61202],[-70.59087,45.63046],[-70.55859,45.66648],[-70.52639,45.66636],[-70.46547,45.70653],[-70.43916,45.70387],[-70.40035,45.71972],[-70.38384,45.73455],[-70.39389,45.74009],[-70.38842,45.75021],[-70.40703,45.76253],[-70.40562,45.77652],[-70.41687,45.79554],[-70.39616,45.79866],[-70.39669,45.8081],[-70.37082,45.8352],[-70.35943,45.83545],[-70.34194,45.85234],[-70.30781,45.85885],[-70.25882,45.89117],[-70.26572,45.89375],[-70.25339,45.90737],[-70.26309,45.92399],[-70.23914,45.94394],[-70.277,45.96725],[-70.31586,45.96299],[-70.30699,45.98269],[-70.28394,45.99549],[-70.30237,45.99868],[-70.318,46.01908],[-70.30137,46.02762],[-70.29736,46.04071],[-70.27832,46.05629],[-70.31096,46.06418],[-70.30191,46.08236],[-70.28594,46.09983],[-70.25311,46.10012],[-70.25453,46.1137],[-70.23628,46.14523],[-70.29269,46.19146],[-70.27108,46.21082],[-70.27365,46.21683],[-70.25089,46.24911],[-70.25307,46.25883],[-70.23163,46.29103],[-70.20588,46.29973],[-70.20894,46.32949],[-70.19119,46.35022],[-70.12699,46.37081],[-70.12702,46.3804],[-70.10776,46.38772],[-70.09694,46.40948],[-70.0565,46.41558],[-69.99711,46.69552],[-69.22446,47.45983],[-69.2052,47.45195],[-69.1789,47.45738],[-69.16226,47.44743],[-69.12201,47.4427],[-69.10779,47.43538],[-69.10774,47.42768],[-69.09888,47.43145],[-69.09014,47.42414],[-69.06355,47.43406],[-69.05212,47.43001],[-69.05215,47.42214],[-69.04322,47.42678],[-69.04225,47.41571],[-69.0306,47.40742],[-69.04249,47.40475],[-69.03524,47.4018],[-69.04273,47.40197],[-69.03756,47.39684],[-69.04541,47.39299],[-69.03964,47.38421],[-69.05488,47.37772],[-69.05075,47.25648],[-69.03377,47.2404],[-68.96119,47.20569],[-68.92374,47.19738],[-68.90003,47.17774],[-68.81153,47.21513],[-68.76435,47.22204],[-68.71702,47.24054],[-68.68715,47.24441],[-68.65985,47.23612],[-68.61751,47.24337],[-68.59355,47.25877],[-68.59767,47.27015],[-68.58005,47.28711],[-68.5498,47.28214],[-68.51677,47.29609],[-68.47503,47.29714],[-68.44877,47.28201],[-68.37786,47.28738],[-68.38471,47.32408],[-68.37772,47.34355],[-68.36313,47.35466],[-68.2848,47.36029],[-68.26491,47.35222],[-68.23447,47.3553],[-68.21453,47.33961],[-68.15468,47.32518],[-68.15221,47.30967],[-68.13589,47.29565],[-68.08194,47.27099],[-68.07399,47.25916],[-68.01967,47.2385],[-67.9897,47.21002],[-67.95722,47.19962],[-67.92866,47.15622],[-67.89086,47.12656],[-67.88292,47.1044],[-67.7902,47.06722],[-67.78125,45.94345],[-67.75063,45.91764],[-67.76532,45.90975],[-67.76805,45.89811],[-67.80391,45.8829],[-67.79711,45.86003],[-67.75532,45.82335],[-67.78069,45.81776],[-67.80648,45.7944],[-67.80627,45.75524],[-67.79288,45.75007],[-67.7818,45.73112],[-67.80962,45.72957],[-67.80293,45.69609],[-67.81801,45.69382],[-67.80363,45.67765],[-67.76872,45.67749],[-67.7543,45.66757],[-67.74442,45.67292],[-67.72723,45.66264],[-67.71794,45.66766],[-67.73455,45.68892],[-67.70957,45.68133],[-67.67523,45.63074],[-67.64557,45.61334],[-67.6391,45.62511],[-67.60837,45.60615],[-67.51922,45.58757],[-67.49902,45.58665],[-67.48796,45.59582],[-67.49329,45.60134],[-67.45002,45.60247],[-67.42319,45.57159],[-67.42887,45.56834],[-67.42067,45.54968],[-67.43486,45.52814],[-67.41621,45.5013],[-67.45014,45.51027],[-67.44971,45.49909],[-67.4636,45.50838],[-67.47113,45.50417],[-67.46754,45.49518],[-67.50346,45.48957],[-67.48211,45.4594],[-67.47411,45.42509],[-67.46124,45.42223],[-67.41924,45.3771],[-67.43453,45.36496],[-67.42535,45.35742],[-67.43123,45.34107],[-67.45691,45.32525],[-67.45184,45.31768],[-67.46031,45.30002],[-67.47611,45.28863],[-67.48508,45.29115],[-67.48904,45.28057],[-67.47642,45.2754],[-67.46852,45.25065],[-67.4393,45.22613],[-67.42927,45.19346],[-67.40052,45.17767],[-67.40503,45.16006],[-67.34085,45.12504],[-67.32082,45.13134],[-67.32001,45.1424],[-67.29597,45.14784],[-67.30269,45.16071],[-67.28336,45.19186],[-67.24743,45.18089],[-67.22728,45.16343],[-67.20508,45.17141],[-67.15887,45.16204],[-67.11256,45.11258],[-67.02166,44.95391],[-66.96871,44.91039],[-66.98213,44.86726],[-66.97486,44.84161],[-66.9653,44.8289],[-66.93256,44.82551],[-66.88544,44.79421],[-66.90256,44.77656],[-66.95227,44.76042],[-66.97752,44.73124],[-67.03928,44.69697],[-67.10376,44.63343],[-67.14085,44.60827],[-67.22329,44.56323],[-67.30082,44.54986],[-67.34045,44.52129],[-67.3882,44.5204],[-67.4434,44.50528],[-67.44423,44.48113],[-67.47303,44.44834],[-67.49943,44.42755],[-67.56758,44.39721],[-67.62741,44.38347],[-67.67464,44.39463],[-67.71533,44.3865],[-67.74174,44.39083],[-67.77475,44.41131],[-67.80557,44.39102],[-67.79604,44.37952],[-67.79526,44.36117],[-67.82373,44.32704],[-67.87444,44.31692],[-67.89815,44.32213],[-67.92518,44.34143],[-67.96078,44.31927],[-67.97365,44.29516],[-67.99945,44.2802],[-68.02784,44.27421],[-68.06096,44.27826],[-68.12828,44.26425],[-68.12263,44.22604],[-68.13758,44.20686],[-68.17075,44.19011],[-68.17586,44.12508],[-68.20336,44.09959],[-68.23024,44.0905],[-68.26314,44.09062],[-68.27921,44.06995],[-68.31139,44.05343],[-68.3688,44.04522],[-68.43684,44.05323],[-68.46301,44.03211],[-68.48494,44.02831],[-68.49311,44.01056],[-68.56839,43.95797],[-68.65959,43.94799],[-68.72148,43.96194],[-68.74265,43.94315],[-68.707,43.93918],[-68.67926,43.92346],[-68.66379,43.89393],[-68.66943,43.86958],[-68.71275,43.8384],[-68.74947,43.83253],[-68.78532,43.80434],[-68.78614,43.76836],[-68.80536,43.74598],[-68.82692,43.73571],[-68.87065,43.73356],[-68.92552,43.75009],[-68.94984,43.78017],[-68.98116,43.78379],[-69.00992,43.79844],[-69.0243,43.81984],[-69.02278,43.84251],[-69.05589,43.85891],[-69.08301,43.82565],[-69.14982,43.79574],[-69.1972,43.79599],[-69.23655,43.82563],[-69.26234,43.81537],[-69.24253,43.79976],[-69.23328,43.78096],[-69.2381,43.75008],[-69.28295,43.71377],[-69.33509,43.70448],[-69.35638,43.71088],[-69.38759,43.7361],[-69.39721,43.76337],[-69.38728,43.79902],[-69.40927,43.81082],[-69.50579,43.77846],[-69.51909,43.73212],[-69.55094,43.70714],[-69.61729,43.69981],[-69.66474,43.71175],[-69.68633,43.6982],[-69.70834,43.66822],[-69.7304,43.65727],[-69.78658,43.65813],[-69.80883,43.64734],[-69.85521,43.64695],[-70.15599,43.52444],[-70.2804,43.40874],[-70.31895,43.39014],[-70.3674,43.32332],[-70.42181,43.29749],[-70.49323,43.28683],[-70.52083,43.2521],[-70.50632,43.21883],[-70.52292,43.17889],[-70.52168,43.15488],[-70.48636,43.17026],[-70.44094,43.16664],[-70.40723,43.13844],[-70.40624,43.10209],[-70.43977,43.07654],[-70.49301,43.07304],[-70.53434,43.09905],[-70.54013,43.13055],[-70.55576,43.1215],[-70.58216,43.09549],[-70.59966,43.05694],[-70.55213,43.04304],[-70.53254,43.01999],[-70.52888,43.00577],[-70.54023,42.94403],[-70.56997,42.91909],[-70.61066,42.91253],[-70.66778,42.92746],[-70.69439,42.95675],[-70.72602,42.92852],[-70.7273,42.89362],[-70.74883,42.85883],[-70.73487,42.82448],[-70.73722,42.78796],[-70.71432,42.73191],[-70.70258,42.72416],[-70.62594,42.73972],[-70.54931,42.72416],[-70.51393,42.68059],[-70.50214,42.63547],[-70.52179,42.59346],[-70.60629,42.53122],[-70.69039,42.279],[-70.6887,42.26347],[-70.68406,42.25384],[-70.64011,42.22837],[-70.63633,42.2029],[-70.64295,42.17818],[-70.60838,42.13848],[-70.27743,42.11435],[-70.22917,42.13119],[-70.17254,42.13452],[-70.12069,42.1251],[-70.0403,42.09163],[-69.99628,42.05969],[-69.91771,41.95925],[-69.86653,41.81701],[-69.85913,41.7365],[-69.86813,41.65679],[-69.9154,41.58924],[-69.92899,41.53215],[-69.95817,41.50466],[-69.99817,41.4934],[-70.02368,41.47195],[-70.05544,41.46411],[-70.0849,41.46749],[-70.11439,41.48408],[-70.12668,41.5037],[-70.12256,41.53783],[-70.08032,41.56445],[-70.06335,41.59017],[-70.06857,41.6107],[-70.07793,41.61253],[-70.1815,41.59355],[-70.24946,41.56015],[-70.2789,41.55932],[-70.31125,41.57106],[-70.39516,41.55672],[-70.44857,41.51309],[-70.5086,41.49896],[-70.48969,41.46298],[-70.43645,41.46892],[-70.39289,41.44548],[-70.38081,41.412],[-70.38345,41.36993],[-70.37011,41.36877],[-70.32359,41.39161],[-70.26728,41.39343],[-70.23814,41.3862],[-70.21512,41.36028],[-70.13794,41.34637],[-70.09784,41.35358],[-70.11133,41.37039],[-70.11654,41.39513],[-70.09441,41.43081],[-70.04427,41.4438],[-70.00647,41.4339],[-69.96963,41.40351],[-69.89489,41.29037],[-69.89901,41.24554],[-69.93095,41.21054],[-69.99946,41.18831],[-70.10968,41.1898],[-70.17885,41.20453],[-70.28574,41.24235],[-70.34408,41.27615],[-70.37447,41.26946],[-70.40873,41.27729],[-70.45985,41.26525],[-70.49331,41.27997],[-70.5122,41.29831],[-70.57185,41.30009],[-70.70311,41.28904],[-70.7165,41.26945],[-70.73484,41.25923],[-70.74431,41.22603],[-70.76784,41.20649],[-70.82364,41.20065],[-70.86634,41.2154],[-70.89246,41.25011],[-70.89034,41.27736],[-70.87003,41.29707],[-70.901,41.33461],[-70.90374,41.35508],[-70.89602,41.37015],[-70.95575,41.35016],[-70.99075,41.35129],[-71.0327,41.38027],[-71.03992,41.39826],[-71.0336,41.41409],[-71.08504,41.43347],[-71.11932,41.41332],[-71.49481,41.30735],[-71.57525,41.32096],[-71.69504,41.28265],[-71.79148,41.27216],[-71.79063,41.10184],[-71.78187,41.0962],[-71.77749,41.06729],[-71.79414,41.03698],[-71.87014,40.99697],[-71.9317,40.9825],[-72.37453,40.8186],[-72.74954,40.71341],[-73.014,40.6251],[-73.27403,40.55131],[-73.32627,40.55692],[-73.4865,40.52051],[-73.62457,40.53451],[-73.78397,40.53239],[-73.87678,40.50113],[-73.88965,40.48651],[-73.88708,40.34501],[-73.89821,40.27435],[-73.96528,40.11295],[-73.99958,39.9768],[-74.03816,39.75012],[-74.04949,39.72378],[-74.09653,39.64995],[-74.28727,39.39825],[-74.35005,39.34577],[-74.36875,39.32068],[-74.45771,39.30241],[-74.56524,39.21064],[-74.64428,39.11482],[-74.63987,39.09465],[-74.64687,39.07621],[-74.68219,39.04982],[-74.71557,39.00922],[-74.7284,38.97425],[-74.74961,38.95406],[-74.77394,38.94279],[-74.82433,38.89626],[-74.90799,38.87932],[-75.01737,38.78664],[-74.98517,38.52817],[-74.98628,38.45163],[-74.99963,38.37167],[-75.0208,38.30976],[-75.04146,38.28701],[-75.12462,38.0939],[-75.30313,37.83817],[-75.33798,37.81523],[-75.36012,37.81019],[-75.41707,37.82105],[-75.46093,37.77136],[-75.50775,37.68865],[-75.51846,37.64943],[-75.54178,37.60615],[-75.52844,37.58488],[-75.5299,37.55672],[-75.58911,37.47786],[-75.60403,37.42202],[-75.64346,37.37286],[-75.64439,37.34227],[-75.65659,37.32391],[-75.67896,37.31258],[-75.71552,37.27569],[-75.73228,37.24569],[-75.72927,37.2169],[-75.76605,37.15493],[-75.80591,37.11606],[-75.82415,37.11012],[-75.88968,37.05451],[-75.92831,36.93818],[-75.87465,36.74431],[-75.81982,36.62515],[-75.74964,36.35361],[-75.70908,36.24498],[-75.66625,36.14892],[-75.43762,35.74696],[-75.41782,35.68608],[-75.40039,35.59351],[-75.40242,35.54421],[-75.41509,35.50018],[-75.42613,35.38692],[-75.45933,35.24655],[-75.47086,35.20873],[-75.48769,35.18499],[-75.53218,35.16715],[-75.59537,35.18283],[-75.73621,35.14071],[-75.87094,35.08982],[-75.9281,35.05952],[-75.99474,35.00879],[-76.02443,35.00536],[-76.12463,34.93308],[-76.31573,34.77603],[-76.439,34.64029],[-76.48318,34.55636],[-76.51487,34.53514],[-76.54787,34.53284],[-76.57207,34.54254],[-76.61234,34.60013],[-76.61472,34.61828],[-76.6928,34.64295],[-76.74966,34.64767],[-76.90463,34.63234],[-76.99967,34.61701],[-77.16058,34.56903],[-77.29508,34.48897],[-77.41883,34.43592],[-77.51616,34.38244],[-77.69109,34.24574],[-77.74742,34.17559],[-77.75379,34.15502],[-77.78556,34.12517],[-77.83021,34.03028],[-77.86353,33.93467],[-77.89425,33.87866],[-77.89666,33.78755],[-77.91751,33.76382],[-77.95385,33.75288],[-77.99971,33.76713],[-78.01286,33.80386],[-78.05289,33.82743],[-78.06658,33.84798],[-78.14535,33.86273],[-78.26234,33.86316],[-78.36712,33.8516],[-78.5332,33.79948],[-78.61055,33.7849],[-78.69585,33.75286],[-78.76098,33.71539],[-78.87475,33.62346],[-78.957,33.53872],[-78.99303,33.48899],[-79.0345,33.45683],[-79.08758,33.36929],[-79.09331,33.30495],[-79.12022,33.24693],[-79.08163,33.20733],[-79.08223,33.17133],[-79.10439,33.1485],[-79.14052,33.13962],[-79.18087,33.10753],[-79.20296,33.07171],[-79.27337,33.04656],[-79.31338,32.96328],[-79.34522,32.94786],[-79.3713,32.94572],[-79.44018,32.95892],[-79.46616,32.93682],[-79.49594,32.93157],[-79.53469,32.87001],[-79.58539,32.85086],[-79.60792,32.82574],[-79.63782,32.81638],[-79.66225,32.78312],[-79.69189,32.75924],[-79.76007,32.73826],[-79.76659,32.71154],[-79.79826,32.67563],[-79.82806,32.66478],[-79.85506,32.63639],[-79.91834,32.60726],[-79.96792,32.56371],[-79.9926,32.55462],[-80.03077,32.55996],[-80.08888,32.54903],[-80.095,32.52387],[-80.12146,32.49919],[-80.16695,32.49109],[-80.19884,32.49624],[-80.24307,32.47245],[-80.25728,32.43517],[-80.29408,32.41852],[-80.30616,32.3971],[-80.33672,32.38075],[-80.35067,32.35591],[-80.37483,32.34245],[-80.37283,32.31341],[-80.39233,32.28032],[-80.4201,32.26464],[-80.49681,32.2502],[-80.52382,32.23459],[-80.56645,32.17237],[-80.58499,32.16259],[-80.60845,32.16229],[-80.63147,32.14586],[-80.66472,32.14261],[-80.70522,32.10519],[-80.7482,32.08449],[-80.74296,32.04953],[-80.75803,32.02598],[-80.78069,32.01137],[-80.79627,31.95346],[-80.85534,31.91081],[-80.92859,31.81698],[-80.97073,31.79835],[-81.01381,31.72864],[-81.05662,31.71488],[-81.04979,31.68863],[-81.06663,31.65733],[-81.06583,31.62523],[-81.08707,31.52916],[-81.115,31.48701],[-81.14384,31.47152],[-81.16694,31.42344],[-81.19076,31.39988],[-81.17109,31.37032],[-81.18612,31.3268],[-81.18768,31.24626],[-81.23434,31.17026],[-81.24791,31.16081],[-81.29642,31.15188],[-81.28653,31.11669],[-81.2902,31.09349],[-81.31364,31.06785],[-81.34531,31.05936],[-81.35342,31.03712],[-81.3445,31.01811],[-81.31071,30.99733],[-81.30483,30.97077],[-81.31754,30.9485],[-81.34521,30.9315],[-81.36268,30.84593],[-81.40048,30.76643],[-81.35915,30.74431],[-81.34702,30.71244],[-81.35155,30.68567],[-81.3734,30.66278],[-81.38201,30.58358],[-81.375,30.53276],[-81.35488,30.49275],[-81.35357,30.44666],[-81.33229,30.43304],[-81.3169,30.40772],[-81.32156,30.37857],[-81.33538,30.36129],[-81.33063,30.29948],[-81.25513,30.00024],[-81.20927,29.87525],[-81.20518,29.82243],[-81.1864,29.76008],[-81.04571,29.43246],[-80.90684,29.14471],[-80.63557,28.75027],[-80.52297,28.60824],[-80.50358,28.54036],[-80.47805,28.49245],[-80.4686,28.46308],[-80.47234,28.44341],[-80.48121,28.42551],[-80.51943,28.39108],[-80.544,28.27109],[-80.49977,28.07723],[-80.33253,27.76116],[-80.29493,27.63928],[-80.28135,27.62117],[-80.24977,27.51898],[-80.2293,27.48563],[-80.22239,27.44696],[-80.09541,27.18064],[-80.08095,27.12533],[-80.0391,27.02985],[-79.97543,26.80025],[-79.98248,26.56925],[-80.05453,26.07312],[-80.06943,25.75736],[-80.09178,25.72111],[-80.10373,25.64885],[-80.104,25.56187],[-80.11557,25.52666],[-80.09787,25.50192],[-80.09456,25.47567],[-80.10892,25.44834],[-80.1391,25.4331],[-80.15291,25.39466],[-80.17656,25.36687],[-80.19104,25.32529],[-80.25966,25.23055],[-80.33332,25.0992],[-80.35778,25.0729],[-80.39043,25.05719],[-80.39966,25.02358],[-80.4391,24.99799],[-80.44552,24.97342],[-80.46289,24.95594],[-80.51434,24.94063],[-80.53816,24.91273],[-80.58545,24.88933],[-80.64043,24.83843],[-80.74511,24.78888],[-80.77109,24.76595],[-80.85223,24.74893],[-80.88696,24.71968],[-80.91891,24.71307],[-80.99979,24.66891],[-81.02258,24.66527],[-81.05974,24.63586],[-81.12062,24.63568],[-81.14769,24.64906],[-81.16939,24.63462],[-81.20426,24.63119],[-81.23991,24.61706],[-81.26463,24.59923],[-81.3748,24.57149],[-81.42064,24.57057],[-81.46509,24.55285],[-81.51461,24.56476],[-81.52785,24.55328],[-81.51988,24.51256],[-81.53992,24.48603],[-81.58583,24.47109],[-81.61026,24.45431],[-81.6972,24.43231],[-81.73011,24.4307],[-81.74981,24.43845],[-81.77369,24.47273],[-81.77081,24.49687],[-81.79236,24.49561],[-81.78181,24.46093],[-81.78899,24.43948],[-81.81352,24.41764],[-81.92056,24.39631],[-81.94644,24.39935],[-81.96732,24.41196],[-81.97977,24.43166],[-81.97441,24.47121],[-82.03427,24.4825],[-82.06717,24.52372],[-82.10033,24.5],[-82.18363,24.50143],[-82.20617,24.51626],[-82.21955,24.54043],[-82.21545,24.58376],[-82.3265,24.58373],[-82.32113,24.6049],[-82.29639,24.65726],[-82.26277,24.6989],[-82.20073,24.73817],[-82.10976,24.74711],[-82.02695,24.72572],[-81.96754,24.75278],[-81.89429,24.76365],[-81.81421,24.80639],[-81.77824,24.81538],[-81.66013,24.88329],[-81.48849,24.96635],[-81.40548,24.9785],[-81.35038,24.97048],[-81.25758,24.9866],[-81.21719,24.9817],[-81.17035,24.96214],[-81.18858,24.9948],[-81.28262,25.07513],[-81.32854,25.17641],[-81.34278,25.24451],[-81.31491,25.35155],[-81.3252,25.39062],[-81.358,25.42755],[-81.38477,25.49701],[-81.42541,25.5516],[-81.4876,25.59205],[-81.50869,25.62361],[-81.51902,25.65694],[-81.57623,25.68604],[-81.62016,25.67364],[-81.68273,25.67277],[-81.72672,25.68151],[-81.76672,25.70025],[-81.80747,25.7363],[-81.87372,25.83412],[-81.90773,25.9004],[-81.91843,25.95273],[-81.96444,26.05361],[-81.98529,26.21318],[-82.00546,26.28443],[-82.08688,26.27195],[-82.16932,26.28846],[-82.2185,26.31085],[-82.27636,26.35102],[-82.32065,26.39675],[-82.34464,26.44282],[-82.35922,26.50157],[-82.37959,26.53686],[-82.3903,26.57525],[-82.42578,26.63809],[-82.43304,26.67521],[-82.43157,26.73615],[-82.44505,26.76463],[-82.49716,26.83327],[-82.59439,26.99023],[-82.67054,27.15444],[-82.71397,27.19913],[-82.73465,27.24682],[-82.8323,27.35572],[-82.86162,27.42373],[-82.90265,27.48104],[-82.92878,27.54335],[-82.93493,27.5837],[-82.91522,27.68413],[-82.9655,27.73391],[-82.99389,27.77767],[-83.01181,27.82055],[-83.02054,27.87831],[-82.99746,28.01275],[-83.02205,28.19891],[-83.01698,28.24645],[-83.00099,28.28334],[-82.97418,28.31574],[-82.94072,28.33956],[-82.89736,28.35701],[-82.85543,28.47721],[-82.85645,28.52774],[-82.83914,28.57458],[-82.87086,28.6216],[-82.89042,28.7],[-82.9235,28.76713],[-82.92743,28.8107],[-82.9158,28.8565],[-82.94177,28.90683],[-82.94557,28.96375],[-83.00568,28.9468],[-83.0939,28.94744],[-83.15075,28.964],[-83.19827,28.99505],[-83.22465,29.02539],[-83.25588,29.08179],[-83.26431,29.11915],[-83.26208,29.15572],[-83.29873,29.17803],[-83.33042,29.21186],[-83.34747,29.2454],[-83.35723,29.2917],[-83.40251,29.31692],[-83.43566,29.3497],[-83.50493,29.38423],[-83.53876,29.41449],[-83.56633,29.46484],[-83.58207,29.56332],[-83.6144,29.58842],[-83.67142,29.61442],[-83.70578,29.64405],[-83.74168,29.69817],[-83.75747,29.75321],[-83.7809,29.79004],[-83.83029,29.81972],[-83.87878,29.82624],[-83.919,29.84194],[-83.97264,29.88642],[-84.03015,29.91312],[-84.06492,29.94008],[-84.1608,29.92127],[-84.17024,29.87133],[-84.18998,29.83038],[-84.21794,29.7966],[-84.25923,29.76815],[-84.32327,29.74809],[-84.41995,29.74696],[-84.47452,29.68773],[-84.58868,29.64074],[-84.65943,29.58064],[-84.71055,29.55206],[-84.79732,29.52205],[-84.89636,29.47121],[-85.00078,29.44168],[-85.06032,29.43622],[-85.12957,29.45328],[-85.17712,29.48516],[-85.25967,29.52481],[-85.30839,29.50889],[-85.35451,29.50537],[-85.40346,29.51399],[-85.44822,29.53443],[-85.49361,29.57431],[-85.54274,29.64934],[-85.57717,29.74594],[-85.58962,29.83756],[-85.64587,29.87591],[-85.70979,29.93584],[-85.80356,29.97816],[-85.8935,30.04529],[-86.0055,30.10606],[-86.1498,30.16291],[-86.37392,30.22341],[-86.63841,30.24629],[-86.71348,30.24363],[-86.8556,30.22792],[-87.17692,30.17281],[-87.30281,30.1683],[-87.51837,30.12553],[-87.51837656526678,30.22950413008964],[-87.64782,30.19921],[-87.80715,30.17738],[-87.98741,30.17789],[-88.03673,30.14669],[-88.06069,30.14443],[-88.1285,30.17208],[-88.16202,30.20009],[-88.30302,30.17796],[-88.34772,30.19009],[-88.38443,30.15854],[-88.39163809148666,30.299655462646943],[-88.38517,30.15814],[-88.41938,30.14923],[-88.46128,30.14669],[-88.50979,30.15794],[-88.54586,30.17665],[-88.58663,30.16911],[-88.71739,30.19087],[-88.76529,30.18994],[-88.82139,30.21737],[-88.85039,30.19228],[-88.90033,30.16998],[-88.88903,30.13985],[-89.09648,30.16583],[-88.85491,30.13553],[-88.83435,30.09071],[-88.78367,30.02668],[-88.76015,29.94455],[-88.76725,29.84077],[-88.79729,29.75967],[-88.82343,29.71499],[-88.91266,29.61178],[-88.9602,29.5771],[-89.03887,29.49223],[-89.06178,29.475],[-89.11945,29.45807],[-89.14207,29.42946],[-89.13761,29.38143],[-89.12162,29.3665],[-89.11216,29.33967],[-89.09453,29.32893],[-89.06943,29.2943],[-88.94205,29.25374],[-88.91831,29.23628],[-88.90881,29.21023],[-88.91765,29.17944],[-88.9146,29.14362],[-88.92171,29.12497],[-88.94576,29.10395],[-88.9969,29.0853],[-89.01269,29.02768],[-89.04564,29.00694],[-89.11485,28.92637],[-89.15099,28.9191],[-89.18533,28.93048],[-89.20958,28.9702],[-89.2349,28.98715],[-89.2796,28.97778],[-89.38473,28.8715],[-89.40099,28.86063],[-89.4338,28.85527],[-89.47606,28.87286],[-89.49286,28.90796],[-89.46574,28.97444],[-89.46867,29.10746],[-89.50232,29.15838],[-89.52047,29.17219],[-89.59916,29.19788],[-90.03232,29.13504],[-90.16266,29.05125],[-90.21008,29.03308],[-90.23906,29.0331],[-90.34432,29.00318],[-90.40938,28.99534],[-90.49182,29.0118],[-90.55255,29.03681],[-90.74686,28.98859],[-90.90708,28.99113],[-90.99345,29.01497],[-91.02076,29.04607],[-91.02303,29.0674],[-91.01207,29.09054],[-90.9894,29.10645],[-90.96037,29.11106],[-90.97493,29.12151],[-91.02001,29.12177],[-91.1033,29.13838],[-91.15982,29.16842],[-91.20785,29.17116],[-91.29268,29.19618],[-91.3417,29.22745],[-91.39165,29.28187],[-91.42113,29.30283],[-91.52974,29.34445],[-91.56075,29.3454],[-91.64404,29.37556],[-91.71219,29.36063],[-91.77749,29.39608],[-91.83277,29.36256],[-91.87691,29.36269],[-91.90635,29.3874],[-91.91321,29.42021],[-91.96483,29.43939],[-91.98387,29.46071],[-92.02275,29.47064],[-92.04562,29.50581],[-92.07805,29.53149],[-92.14667,29.53204],[-92.23166,29.49189],[-92.29367,29.4815],[-92.62497,29.52833],[-92.7676,29.57093],[-93.02911,29.67786],[-93.22317,29.7264],[-93.28735,29.72433],[-93.31079,29.702],[-93.33929,29.69508],[-93.3655,29.69942],[-93.38725,29.71377],[-93.43276,29.71853],[-93.71155,29.69035],[-93.77015,29.67083],[-93.77036,29.62392],[-93.78593,29.60594],[-93.81435,29.59658],[-93.84859,29.60026],[-93.87501,29.62143],[-94.03357,29.625],[-94.41925,29.48345],[-94.62519,29.39766],[-94.65031,29.38282],[-94.63605,29.37064],[-94.6239,29.34314],[-94.62903,29.32164],[-94.65036,29.29189],[-94.6803,29.2776],[-94.71331,29.28252],[-94.77269,29.23172],[-95.0002,29.10445],[-95.0864,29.06824],[-95.0938,29.03333],[-95.10653,29.01493],[-95.22723,28.91038],[-95.30812,28.85883],[-95.32985,28.8287],[-95.37799,28.81028],[-95.42007,28.80563],[-95.77785,28.62527],[-96.18224,28.45204],[-96.25819,28.40787],[-96.28231,28.375],[-96.32076,28.36287],[-96.37525,28.29076],[-96.531,28.22116],[-96.64075,28.15539],[-96.8442,28.0003],[-96.90874,27.93409],[-96.9595,27.8753],[-96.98428,27.80378],[-97.02185,27.78336],[-97.12527,27.6406],[-97.19982,27.50032],[-97.25026,27.39231],[-97.28834,27.27758],[-97.30936,27.19611],[-97.31982,27.11002],[-97.32322,27.01026],[-97.30042,26.83461],[-97.25171,26.66187],[-97.21406,26.57677],[-97.12525,26.24828],[-97.1083,26.10451],[-97.08999,26.07534],[-97.09786,26.03862],[-97.08968,25.96084],[-97.14631,25.95663],[-97.15806,25.94882],[-97.15817,25.96168],[-97.17539,25.96598],[-97.18837,25.95392],[-97.20874,25.96395],[-97.24719,25.94816],[-97.28501,25.95908],[-97.28955,25.95438],[-97.27834,25.9475],[-97.27666,25.93529],[-97.30291,25.93731],[-97.30532,25.92768],[-97.31798,25.93131],[-97.3261,25.91756],[-97.3479,25.93133],[-97.35434,25.91999],[-97.36887,25.9153],[-97.3743,25.90585],[-97.36592,25.90244],[-97.36637,25.89061],[-97.35639,25.88804],[-97.37412,25.88012],[-97.35933,25.87978],[-97.35657,25.86753],[-97.3759,25.85404],[-97.36394,25.85045],[-97.37306,25.83983],[-97.40629,25.83789],[-97.39869,25.85027],[-97.40828,25.84553],[-97.40902,25.86225],[-97.41286,25.84083],[-97.42577,25.8407],[-97.44356,25.84822],[-97.44476,25.85611],[-97.45411,25.85429],[-97.44461,25.86747],[-97.45659,25.86835],[-97.45537,25.88399],[-97.47025,25.87535],[-97.46882,25.88884],[-97.4968,25.87968],[-97.49815,25.89907],[-97.52142,25.88633],[-97.53332,25.90824],[-97.53012,25.91997],[-97.54303,25.91998],[-97.53722,25.93075],[-97.54371,25.92338],[-97.55215,25.93708],[-97.56154,25.92566],[-97.56712,25.93379],[-97.58293,25.93301],[-97.56625,25.94494],[-97.56787,25.95243],[-97.57449,25.95397],[-97.578,25.9421],[-97.5821,25.96243],[-97.60189,25.95718],[-97.61061,25.96619],[-97.60778,25.97671],[-97.63456,25.99037],[-97.63106,25.99646],[-97.61998,25.99265],[-97.6186,26.00266],[-97.62742,25.99662],[-97.62676,26.00601],[-97.63501,25.99999],[-97.64938,26.01083],[-97.63726,26.01446],[-97.64035,26.02445],[-97.64661,26.02718],[-97.65154,26.01586],[-97.66794,26.01926],[-97.66256,26.03811],[-97.67554,26.02591],[-97.6932,26.03251],[-97.69124,26.01892],[-97.70724,26.03784],[-97.70965,26.02608],[-97.72117,26.02329],[-97.71939,26.03089],[-97.73478,26.03211],[-97.72528,26.02488],[-97.7371,26.02149],[-97.73827,26.02906],[-97.76318,26.0267],[-97.76793,26.04747],[-97.77671,26.04448],[-97.76923,26.0362],[-97.7768,26.02928],[-97.79206,26.03403],[-97.79783,26.04257],[-97.78879,26.04958],[-97.80109,26.06024],[-97.8112,26.05544],[-97.8134,26.04404],[-97.8183,26.05659],[-97.83383,26.04569],[-97.83911,26.0532],[-97.86065,26.05277],[-97.86139,26.07014],[-97.869,26.05684],[-97.88717,26.06666],[-97.92697,26.05487],[-97.93343,26.06563],[-97.93327,26.05298],[-97.95173,26.06217],[-97.96547,26.05169],[-97.98037,26.06737],[-97.99188,26.05825],[-98.0033,26.06474],[-98.01201,26.05608],[-98.01211,26.06614],[-98.02089,26.05863],[-98.02802,26.06696],[-98.03881,26.04126],[-98.06108,26.0464],[-98.07646,26.03627],[-98.08013,26.04173],[-98.07,26.05048],[-98.08035,26.0711],[-98.09353,26.05859],[-98.10519,26.06768],[-98.12997,26.06313],[-98.13211,26.07419],[-98.14646,26.04904],[-98.15129,26.05815],[-98.16176,26.0539],[-98.15796,26.06339],[-98.16793,26.06298],[-98.17678,26.07523],[-98.17699,26.06073],[-98.18727,26.06427],[-98.19432,26.05319],[-98.22081,26.07643],[-98.24935,26.07214],[-98.28822,26.10446],[-98.27039,26.10652],[-98.26604,26.12076],[-98.29665,26.12025],[-98.3036,26.10999],[-98.29767,26.10329],[-98.3057,26.10314],[-98.33557,26.13841],[-98.32674,26.14289],[-98.33798,26.14944],[-98.33574,26.16589],[-98.34619,26.16597],[-98.35176,26.15115],[-98.35966,26.17252],[-98.36723,26.16861],[-98.36564,26.15809],[-98.38686,26.15789],[-98.40191,26.17109],[-98.40263,26.18139],[-98.44402,26.2006],[-98.43868,26.21266],[-98.44393,26.22418],[-98.45451,26.21669],[-98.46025,26.2263],[-98.48127,26.21988],[-98.4818,26.20085],[-98.48538,26.21271],[-98.50702,26.20922],[-98.50103,26.22256],[-98.5137,26.22724],[-98.52409,26.22089],[-98.52216,26.23562],[-98.53488,26.22539],[-98.5438,26.24382],[-98.55659,26.248],[-98.5457,26.2372],[-98.56206,26.22418],[-98.56593,26.24147],[-98.58,26.23523],[-98.58309,26.2567],[-98.59944,26.25763],[-98.61665,26.24643],[-98.623,26.25992],[-98.63455,26.24234],[-98.67067,26.23701],[-98.68066,26.26256],[-98.71988,26.27259],[-98.70096,26.27796],[-98.70254,26.28696],[-98.71617,26.2862],[-98.72777,26.29877],[-98.75097,26.29632],[-98.75422,26.30793],[-98.74042,26.30278],[-98.73616,26.3092],[-98.75113,26.33158],[-98.77132,26.32508],[-98.78896,26.33043],[-98.80735,26.36942],[-98.82457,26.37083],[-98.84411,26.35873],[-98.86191,26.36599],[-98.89673,26.35333],[-98.90168,26.37123],[-98.91738,26.37447],[-98.92588,26.39436],[-98.94215,26.36969],[-98.95602,26.37725],[-98.9545,26.39437],[-98.97416,26.40115],[-98.98909,26.39167],[-99.01064,26.39213],[-99.02194,26.4079],[-99.03706,26.4136],[-99.06211,26.39738],[-99.08513,26.39878],[-99.11355,26.43253],[-99.09198,26.47238],[-99.10485,26.50038],[-99.12778,26.5252],[-99.17123,26.54196],[-99.16741,26.56],[-99.17806,26.62055],[-99.20052,26.65644],[-99.20891,26.72476],[-99.24002,26.74585],[-99.24244,26.78826],[-99.26221,26.81567],[-99.26861,26.84321],[-99.28047,26.85805],[-99.31675,26.86583],[-99.32862,26.87859],[-99.32468,26.91597],[-99.37337,26.93126],[-99.38825,26.94422],[-99.39295,26.9638],[-99.37843,26.98003],[-99.40369,26.99736],[-99.41548,27.01724],[-99.43216,27.0107],[-99.44566,27.02176],[-99.45232,27.06267],[-99.42921,27.09098],[-99.44212,27.10686],[-99.43058,27.12661],[-99.43997,27.15107],[-99.42635,27.17626],[-99.43259,27.2097],[-99.44524,27.22334],[-99.44155,27.24992],[-99.46148,27.26818],[-99.48906,27.26148],[-99.49669,27.27244],[-99.48759,27.2896],[-99.49202,27.30067],[-99.52847,27.30542],[-99.53804,27.31696],[-99.50457,27.33874],[-99.50778,27.35425],[-99.49214,27.38052],[-99.48752,27.41157],[-99.4951,27.45152],[-99.47925,27.47864],[-99.49683,27.50011],[-99.52839,27.49855],[-99.51213,27.56829],[-99.52971,27.57976],[-99.53972,27.60328],[-99.55495,27.61446],[-99.58484,27.6039],[-99.57764,27.6186],[-99.59623,27.63986],[-99.61607,27.63768],[-99.62431,27.644],[-99.62511,27.63138],[-99.63893,27.62676],[-99.66611,27.63609],[-99.65829,27.65016],[-99.66894,27.65997],[-99.68581,27.66101],[-99.69016,27.66886],[-99.69936,27.65542],[-99.71151,27.65836],[-99.77074,27.73213],[-99.79634,27.73559],[-99.81312,27.774],[-99.83879,27.76418],[-99.85088,27.79397],[-99.87676,27.79785],[-99.8772,27.84218],[-99.90438,27.87528],[-99.89346,27.89921],[-99.93714,27.94054],[-99.93181,27.98097],[-99.99145,27.99456],[-100.00863,28.02396],[-100.01791,28.06479],[-100.05312,28.08473],[-100.05649,28.10419],[-100.08433,28.14482],[-100.20806,28.19038],[-100.22029,28.23221],[-100.25164,28.23618],[-100.2914,28.2754],[-100.28648,28.3123],[-100.3444,28.38966],[-100.34959,28.4026],[-100.33706,28.42715],[-100.3378,28.44296],[-100.36829,28.4772],[-100.34418,28.48625],[-100.33381,28.49925],[-100.38826,28.51486],[-100.41127,28.5507],[-100.39846,28.58517],[-100.44732,28.60933],[-100.44709,28.6422],[-100.46287,28.64136],[-100.50035,28.66196],[-100.512,28.70535],[-100.50761,28.7406],[-100.51923,28.75616],[-100.53341,28.75921],[-100.53544,28.80519],[-100.5452,28.81208],[-100.54732,28.82582],[-100.57473,28.82879],[-100.57288,28.84821],[-100.59888,28.87559],[-100.5895,28.88636],[-100.60301,28.88723],[-100.60109,28.90129],[-100.62244,28.90977],[-100.63161,28.90284],[-100.64057,28.91421],[-100.62971,28.92115],[-100.65151,28.94343],[-100.64604,28.98798],[-100.6752,29.10074],[-100.72746,29.12912],[-100.73968,29.15049],[-100.7726,29.16837],[-100.76706,29.19529],[-100.77625,29.20093],[-100.78552,29.22814],[-100.79568,29.22773],[-100.79762,29.24678],[-100.81628,29.25386],[-100.81396,29.26314],[-100.83404,29.2614],[-100.87605,29.27958],[-100.88684,29.30785],[-100.94062,29.33311],[-100.94897,29.34725],[-101.00998,29.36827],[-101.01926,29.39091],[-101.0366,29.40611],[-101.04336,29.42988],[-101.05696,29.44077],[-101.06015,29.45866],[-101.08715,29.46941],[-101.11525,29.46846],[-101.13004,29.47842],[-101.1468,29.47419],[-101.17382,29.51457],[-101.23527,29.52485],[-101.25489,29.52034],[-101.26118,29.53678],[-101.24103,29.56503],[-101.2523,29.60417],[-101.25038,29.62417],[-101.2691,29.63013],[-101.28049,29.61518],[-101.27788,29.59081],[-101.29096,29.57154],[-101.30553,29.57792],[-101.31337,29.60226],[-101.30252,29.65043],[-101.31414,29.65905],[-101.34602,29.66224],[-101.36131,29.65006],[-101.37277,29.69943],[-101.39695,29.71395],[-101.39701,29.73396],[-101.41558,29.74653],[-101.39898,29.76218],[-101.40232,29.77119],[-101.44888,29.7507],[-101.45281,29.78379],[-101.46091,29.78966],[-101.50322,29.76458],[-101.536,29.75895],[-101.53501,29.79768],[-101.54477,29.81187],[-101.56775,29.79873],[-101.57581,29.76932],[-101.6269,29.77076],[-101.64457,29.75423],[-101.66172,29.77086],[-101.6778,29.76029],[-101.68963,29.77103],[-101.70887,29.76164],[-101.71973,29.77574],[-101.73335,29.77118],[-101.77383,29.78868],[-101.7849,29.78865],[-101.78853,29.77927],[-101.80511,29.78035],[-101.81398,29.79233],[-101.80361,29.80345],[-101.81778,29.81164],[-101.82561,29.80705],[-101.81869,29.7915],[-101.82366,29.7874],[-101.85272,29.80779],[-101.87577,29.7938],[-101.91159,29.79804],[-101.92932,29.78258],[-101.93561,29.79956],[-101.95751,29.79577],[-101.97626,29.81604],[-101.98731,29.79684],[-101.99702,29.80611],[-102.01523,29.79749],[-102.03582,29.80406],[-102.03863,29.79162],[-102.04965,29.78528],[-102.07319,29.78652],[-102.08438,29.79506],[-102.11571,29.7923],[-102.11975,29.80248],[-102.14357,29.80332],[-102.16645,29.82539],[-102.17996,29.82638],[-102.17851,29.83945],[-102.18703,29.84866],[-102.19609,29.83658],[-102.20994,29.84436],[-102.22353,29.84053],[-102.24489,29.84895],[-102.24646,29.86413],[-102.25318,29.85307],[-102.2615,29.85324],[-102.26484,29.8675],[-102.28089,29.86282],[-102.31594,29.87999],[-102.32346,29.86392],[-102.34092,29.86937],[-102.36456,29.84533],[-102.3772,29.78989],[-102.39004,29.78192],[-102.38723,29.76139],[-102.43367,29.77685],[-102.45769,29.77458],[-102.46545,29.78339],[-102.48067,29.77607],[-102.48725,29.78658],[-102.51762,29.78358],[-102.5135,29.76544],[-102.54798,29.74464],[-102.56766,29.77146],[-102.5738,29.7549],[-102.61243,29.74827],[-102.63041,29.73418],[-102.66024,29.73563],[-102.674,29.74457],[-102.69137,29.72137],[-102.68904,29.70504],[-102.69967,29.68629],[-102.69364,29.67668],[-102.74195,29.63319],[-102.74054,29.5975],[-102.7683,29.59521],[-102.76226,29.57975],[-102.77777,29.56098],[-102.77123,29.5484],[-102.79145,29.54282],[-102.79201,29.533],[-102.80832,29.52293],[-102.80067,29.48624],[-102.81425,29.4824],[-102.82564,29.45794],[-102.81953,29.45072],[-102.83104,29.44425],[-102.82692,29.4177],[-102.83344,29.4105],[-102.81238,29.40052],[-102.82561,29.39695],[-102.83402,29.37906],[-102.84502,29.37444],[-102.83938,29.35892],[-102.86213,29.35134],[-102.87751,29.35489],[-102.88437,29.34795],[-102.87988,29.33915],[-102.89304,29.30891],[-102.88818,29.29336],[-102.90298,29.27923],[-102.89929,29.26909],[-102.90638,29.26008],[-102.87175,29.24178],[-102.86747,29.22388],[-102.8951,29.20852],[-102.91232,29.21942],[-102.91782,29.19089],[-102.94338,29.19141],[-102.95089,29.17362],[-102.97553,29.1863],[-102.99562,29.17929],[-102.99627,29.16022],[-103.01565,29.13399],[-103.01209,29.12619],[-103.03701,29.1129],[-103.03388,29.10097],[-103.07582,29.09154],[-103.0859,29.05374],[-103.09239,29.0647],[-103.10063,29.06032],[-103.10651,29.03818],[-103.09799,29.02626],[-103.11719,29.00048],[-103.11681,28.98442],[-103.16393,28.9722],[-103.17032,28.98042],[-103.21985,28.98332],[-103.22789,28.99186],[-103.25042,28.98043],[-103.26733,28.99607],[-103.27934,28.977],[-103.28699,28.97817],[-103.28155,28.9877],[-103.28694,29.00127],[-103.31616,29.01069],[-103.30766,29.02454],[-103.32636,29.01632],[-103.33875,29.02028],[-103.34201,29.02844],[-103.32725,29.03272],[-103.33061,29.04322],[-103.34433,29.04595],[-103.3596,29.01864],[-103.38651,29.02165],[-103.38864,29.03397],[-103.40105,29.03106],[-103.40508,29.03958],[-103.4321,29.04336],[-103.42889,29.04945],[-103.44993,29.07271],[-103.47135,29.06673],[-103.46994,29.08532],[-103.50038,29.1162],[-103.52386,29.12125],[-103.52484,29.13712],[-103.53981,29.14622],[-103.55021,29.14364],[-103.55369,29.158],[-103.59224,29.15007],[-103.61223,29.16537],[-103.65059,29.15648],[-103.65962,29.17057],[-103.69816,29.17747],[-103.70516,29.18497],[-103.71856,29.18083],[-103.74255,29.20901],[-103.74225,29.22169],[-103.75737,29.22067],[-103.75855,29.23294],[-103.77715,29.22051],[-103.78168,29.24128],[-103.77507,29.24795],[-103.78363,29.26532],[-103.79936,29.25844],[-103.81352,29.27403],[-103.82621,29.2692],[-103.85431,29.28147],[-103.88012,29.28515],[-103.88939,29.27882],[-103.89929,29.28741],[-103.91889,29.28484],[-103.92572,29.29437],[-103.97581,29.29625],[-104.0375,29.31971],[-104.0561,29.33773],[-104.08226,29.34606],[-104.10658,29.37331],[-104.12132,29.37142],[-104.12294,29.38031],[-104.13492,29.38422],[-104.14116,29.37782],[-104.14334,29.38827],[-104.16744,29.39474],[-104.16477,29.40152],[-104.18389,29.4172],[-104.18106,29.42646],[-104.2177,29.45656],[-104.21004,29.48224],[-104.2307,29.47867],[-104.23713,29.49756],[-104.26218,29.5135],[-104.31148,29.5232],[-104.31548,29.53275],[-104.32149,29.52186],[-104.3382,29.52018],[-104.37042,29.54314],[-104.38156,29.54337],[-104.39892,29.5719],[-104.46655,29.60922],[-104.4654,29.61821],[-104.4734,29.61789],[-104.47599,29.62798],[-104.498,29.63969],[-104.50846,29.6327],[-104.5254,29.66784],[-104.53558,29.66655],[-104.5441,29.68069],[-104.53021,29.69046],[-104.54383,29.6963],[-104.54488,29.7161],[-104.55229,29.71734],[-104.54933,29.73057],[-104.56043,29.73519],[-104.54985,29.74089],[-104.56994,29.7526],[-104.56593,29.77147],[-104.59091,29.79812],[-104.58601,29.80203],[-104.59135,29.80981],[-104.59493,29.80533],[-104.61008,29.81936],[-104.60849,29.82795],[-104.61964,29.83022],[-104.60945,29.83975],[-104.61537,29.84657],[-104.62475,29.84278],[-104.62159,29.84957],[-104.62927,29.8522],[-104.63342,29.87076],[-104.65166,29.89238],[-104.65826,29.8908],[-104.65509,29.9054],[-104.66559,29.90171],[-104.68327,29.92911],[-104.67318,29.95497],[-104.68525,29.95673],[-104.68015,29.977],[-104.69313,29.97553],[-104.68574,29.98714],[-104.69318,29.99353],[-104.68753,29.99567],[-104.6941,30.00252],[-104.68955,30.0151],[-104.70382,30.02342],[-104.69568,30.03766],[-104.70726,30.04987],[-104.68496,30.0853],[-104.68507,30.09985],[-104.68895,30.09526],[-104.6944,30.10198],[-104.68547,30.11003],[-104.69508,30.11781],[-104.69671,30.13446],[-104.68531,30.14473],[-104.68633,30.17328],[-104.71127,30.22308],[-104.70626,30.23481],[-104.73372,30.2614],[-104.73665,30.25591],[-104.75071,30.26223],[-104.74859,30.27441],[-104.76318,30.27484],[-104.75814,30.28641],[-104.76669,30.306],[-104.77932,30.30327],[-104.77681,30.3103],[-104.7914,30.32552],[-104.81158,30.33281],[-104.80999,30.34151],[-104.82258,30.35062],[-104.81099,30.36247],[-104.81967,30.36872],[-104.81642,30.37519],[-104.83744,30.37385],[-104.8593,30.39025],[-104.84783,30.41977],[-104.8613,30.42612],[-104.85833,30.43764],[-104.86805,30.44141],[-104.86663,30.4945],[-104.87392,30.49526],[-104.87196,30.51109],[-104.8857,30.51827],[-104.88056,30.52892],[-104.88927,30.53538],[-104.8877,30.54673],[-104.89795,30.55455],[-104.90955,30.58514],[-104.91993,30.58727],[-104.92268,30.60369],[-104.93097,30.59907],[-104.97166,30.61001],[-104.9839,30.63503],[-104.98611,30.66277],[-105.00154,30.6727],[-105.00658,30.68606],[-105.02733,30.67888],[-105.04082,30.68893],[-105.04716,30.68807],[-105.0458,30.6799],[-105.06176,30.68585],[-105.06255,30.6985],[-105.08094,30.69985],[-105.08761,30.71549],[-105.10555,30.72381],[-105.1183,30.74973],[-105.16139,30.75213],[-105.15619,30.76977],[-105.16708,30.77659],[-105.1766,30.76797],[-105.19519,30.7923],[-105.21674,30.78338],[-105.22005,30.7889],[-105.2096,30.79763],[-105.21502,30.80589],[-105.25716,30.79435],[-105.29179,30.82619],[-105.30014,30.82477],[-105.30615,30.80984],[-105.30947,30.817],[-105.31675,30.81082],[-105.31857,30.82828],[-105.3295,30.82504],[-105.3392,30.84039],[-105.35188,30.83556],[-105.36159,30.85055],[-105.39984,30.85208],[-105.39133,30.87383],[-105.40427,30.87958],[-105.40028,30.88951],[-105.41218,30.88862],[-105.41369,30.8995],[-105.4414,30.90857],[-105.44636,30.91927],[-105.45319,30.91615],[-105.45157,30.9248],[-105.46676,30.92423],[-105.4709,30.93376],[-105.49167,30.94244],[-105.50204,30.9678],[-105.5158,30.96489],[-105.53259,30.98467],[-105.55785,30.99041],[-105.58123,31.0267],[-105.58509,31.05729],[-105.60438,31.08369],[-105.6271,31.09841],[-105.64183,31.09833],[-105.64874,31.11586],[-105.71062,31.13702],[-105.74231,31.16481],[-105.77301,31.16679],[-105.78314,31.19802],[-105.79436,31.20241],[-105.86941,31.28904],[-105.89391,31.29062],[-105.90738,31.31226],[-105.93813,31.31822],[-105.95392,31.36488],[-105.97045,31.36617],[-106.00523,31.39262],[-106.08056,31.39865],[-106.10777,31.42238],[-106.13247,31.42501],[-106.17511,31.45529],[-106.20665,31.46625],[-106.24648,31.54161],[-106.28088,31.56232],[-106.30335,31.62217],[-106.34909,31.69603],[-106.37231,31.71245],[-106.38001,31.73113],[-106.41532,31.75075],[-106.45206,31.76452],[-106.48573,31.74766],[-106.51017,31.76135],[-106.52819888493957,31.783889970730755],[-108.20848,31.7837],[-108.20847,31.33337],[-111.07498,31.33234],[-112.23805,31.70138],[-114.81369,32.49407],[-114.81616,32.50829],[-114.802,32.51362],[-114.81317,32.5245],[-114.80198,32.53632],[-114.80568,32.54633],[-114.79141,32.55646],[-114.79281,32.56952],[-114.80649,32.55924],[-114.81393,32.56221],[-114.80155,32.57641],[-114.7994,32.59262],[-114.80844,32.61943],[-114.78273,32.62434],[-114.76378,32.6434],[-114.71981842457255,32.71871810818801]],[[-114.63325,34.92461],[-114.62975,34.93868],[-114.63019140672118,34.9408082396921],[-114.63325,34.92461]],[[-114.63438,34.87289],[-114.63358338512765,34.87188660099891],[-114.63449040576477,34.873655291241285],[-114.63438,34.87289]],[[-114.40134,34.11164],[-114.40371446913355,34.11127028091828],[-114.39057,34.11008],[-114.40134,34.11164]],[[-114.41168,34.11003],[-114.41381187914519,34.10844438467207],[-114.40830553977113,34.110555423691345],[-114.41168,34.11003]],[[-114.4205,34.10347],[-114.43418,34.08738],[-114.41798067451819,34.10534378403183],[-114.4205,34.10347]],[[-114.51586,33.95811],[-114.50957,33.95726],[-114.50900907652836,33.95752222738148],[-114.51586,33.95811]],[[-114.52273,33.95504],[-114.52868,33.94782],[-114.52235209018576,33.95520887672921],[-114.52273,33.95504]],[[-114.53568,33.93355],[-114.53495,33.9257],[-114.53544342021647,33.9340322847873],[-114.53568,33.93355]],[[-114.66506,33.03391],[-114.6638245725686,33.03389462123529],[-114.67366,33.0419],[-114.66506,33.03391]],[[-114.57718947620728,33.035585519503464],[-114.57829,33.03538],[-114.5787829288812,33.034836104706706],[-114.57718947620728,33.035585519503464]],[[-114.52242954309392,33.03025412325452],[-114.52358,33.03096],[-114.57327906160886,33.03631577765136],[-114.52242954309392,33.03025412325452]],[[-114.49294,32.97178],[-114.4998,33.0039],[-114.50196757386963,33.007572103046044],[-114.49294,32.97178]],[[-114.46922008250355,32.97197054338549],[-114.47051,32.97386],[-114.47539,32.97516],[-114.46922008250355,32.97197054338549]],[[-114.46842257116495,32.96626470628447],[-114.46838,32.97074],[-114.46857965364369,32.97103245040766],[-114.46842257116495,32.96626470628447]],[[-114.48092,32.93628],[-114.46854,32.95392],[-114.46853390664533,32.954560563909126],[-114.48092,32.93628]],[[-114.70158,32.74563],[-114.70224354908261,32.74484850942667],[-114.70052934097423,32.74499252148997],[-114.70158,32.74563]],[[-116.96021695018574,46.09892309172302],[-116.95969,46.09901],[-116.95542,46.10186],[-116.96021695018574,46.09892309172302]],[[-116.97807,46.09631],[-116.97834308329749,46.09593360421607],[-116.96248769911492,46.09854858407082],[-116.97807,46.09631]],[[-116.98259,46.09008],[-116.98195,46.08485],[-116.98235000079491,46.09041079536454],[-116.98259,46.09008]],[[-116.97843,46.07973],[-116.97720451663531,46.079475485701984],[-116.98195,46.08485],[-116.97843,46.07973]],[[-116.94229,46.05097],[-116.94132232890485,46.04930610840262],[-116.94233299212307,46.051842740098365],[-116.94229,46.05097]],[[-116.93844,46.04435],[-116.93197008145688,46.03986570990845],[-116.93942825746534,46.046049289459866],[-116.93844,46.04435]],[[-116.9298233201014,46.03534715983431],[-116.92982,46.03568],[-116.93062396046815,46.03724512456156],[-116.9298233201014,46.03534715983431]],[[-116.91925,45.99939],[-116.91897357709263,45.99903969046644],[-116.92210105374113,46.01629741172071],[-116.91925,45.99939]],[[-116.85725,45.90416],[-116.8541476652912,45.90205195829527],[-116.85839545917817,45.905972797603496],[-116.85725,45.90416]],[[-116.54771958385365,45.751817978633305],[-116.54809,45.75236],[-116.55944,45.75519],[-116.54771958385365,45.751817978633305]],[[-116.46413540739887,45.61640576260722],[-116.46424,45.61706],[-116.47288,45.62488],[-116.46413540739887,45.61640576260722]],[[-116.46356975226053,45.60881477394699],[-116.46326,45.61093],[-116.46353161048688,45.61262895131081],[-116.46356975226053,45.60881477394699]],[[-116.4666463504122,45.59935023642434],[-116.46472,45.60096],[-116.46461680852941,45.60166467052173],[-116.4666463504122,45.59935023642434]],[[-116.48216,45.58668],[-116.48233159245888,45.58624279181709],[-116.48047522655573,45.58779407251611],[-116.48216,45.58668]],[[-116.4813751395828,45.58017009116875],[-116.48121,45.5806],[-116.48362,45.58296],[-116.4813751395828,45.58017009116875]],[[-116.48283804476316,45.57722720721571],[-116.48242,45.57745],[-116.4819338754426,45.57871553087255],[-116.48283804476316,45.57722720721571]],[[-117.0262,41.99989],[-117.02171303254313,41.999831339425995],[-117.02683,43.73367],[-117.0262,41.99989]],[[-115.06942,41.99614],[-114.82349,42.00184],[-115.0901331956352,41.99616885000731],[-115.06942,41.99614]],[[-114.05288,37.56085],[-114.05284277961783,37.549056977344634],[-114.05285378641699,37.56491310536757],[-114.05288,37.56085]],[[-114.05128719905812,37.05618195255467],[-114.05000123029674,36.7395244720993],[-114.05062,37.00017],[-111.15058,37.00095],[-114.05005,37.00019],[-114.05128719905812,37.05618195255467]],[[-110.75069,37.00301],[-110.4903,37.00363],[-111.15058,37.00095],[-110.75069,37.00301]],[[-114.11245776353456,36.09436606921186],[-114.112,36.09491],[-114.11521,36.09988],[-114.11245776353456,36.09436606921186]],[[-114.35970724295049,36.12876531783728],[-114.35897,36.12779],[-114.3451,36.11856],[-114.35970724295049,36.12876531783728]],[[-114.37374,36.14372],[-114.37459194194378,36.14345913405597],[-114.37018,36.14262],[-114.37374,36.14372]],[[-114.40228,36.14651],[-114.40360476021314,36.14651],[-114.38148,36.14135],[-114.40228,36.14651]],[[-114.41249,36.14651],[-114.41377016906816,36.14540582404291],[-114.40805338709677,36.14651],[-114.41249,36.14651]],[[-114.50055564508884,36.126778818114595],[-114.49885,36.12661],[-114.48383,36.12972],[-114.50055564508884,36.126778818114595]],[[-114.5058100899743,36.127985809768646],[-114.50471,36.12719],[-114.50313284067396,36.1270338989063],[-114.5058100899743,36.127985809768646]],[[-114.50921,36.13325],[-114.50847,36.12991],[-114.50750991530317,36.129215470644844],[-114.50921,36.13325]],[[-114.5081,36.14971],[-114.51056344934841,36.15014050571138],[-114.50024,36.14323],[-114.5081,36.14971]],[[-114.51428,36.15079],[-114.53109,36.14764],[-114.51222631586118,36.15043110374273],[-114.51428,36.15079]],[[-114.73408,36.10467],[-114.73435579856591,36.10449351123463],[-114.70374,36.10835],[-114.73408,36.10467]],[[-114.75378,36.08781],[-114.75380695154988,36.087301154738505],[-114.74891,36.09518],[-114.75378,36.08781]],[[-114.75403,36.08309],[-114.7522500074118,36.081670121519245],[-114.75392821954105,36.08501161506486],[-114.75403,36.08309]],[[-114.62712,35.04472],[-114.62822907739367,35.04311832318576],[-114.60669,35.05894],[-114.62712,35.04472]],[[-114.63473,35.03373],[-114.63575994413704,35.030259147792535],[-114.63052888560965,35.03979704955979],[-114.63473,35.03373]],[[-114.63819,35.02207],[-114.63707,35.01037],[-114.63745268132999,35.02455472129836],[-114.63819,35.02207]],[[-114.63349,35.00186],[-114.62913,34.98613],[-114.63707,35.01037],[-114.63349,35.00186]],[[-121.16848,41.99718],[-120.99008,41.99306],[-120.97695564961398,41.99305070583453],[-121.16848,41.99718]],[[-120.32639,41.99259],[-119.99923,41.99494],[-119.82684,41.99748],[-120.32639,41.99259]],[[-119.99987,41.18397],[-119.99977216769828,41.16496466434845],[-119.99923,41.99494],[-119.99987,41.18397]],[[-119.32418,41.99392],[-118.78231641914422,41.992439178393475],[-119.82684,41.99748],[-119.32418,41.99392]],[[-118.6765,41.99215],[-118.22319,41.99725],[-118.69626368625833,41.99220401081503],[-118.6765,41.99215]],[[-122.26262,45.54432],[-122.25897579567776,45.545545343811405],[-122.26476011049726,45.544268287292816],[-122.26262,45.54432]],[[-122.2949,45.54354],[-122.28852668089628,45.54369400213448],[-122.29572433547517,45.54364585728779],[-122.2949,45.54354]],[[-117.23275771212782,45.998237302451486],[-117.25947,45.99848],[-117.33791,45.99857],[-117.23275771212782,45.998237302451486]],[[-117.35595,45.99657],[-117.35553143672837,45.99661640391038],[-117.4058,45.99848],[-117.35595,45.99657]],[[-117.68214,45.99979],[-117.79190961328779,45.9999390608317],[-117.4058,45.99848],[-117.68214,45.99979]],[[-118.14607714285528,46.00042],[-118.40382,46.00077],[-118.6257808695679,46.00042],[-118.14607714285528,46.00042]],[[-119.60057849200696,45.91952674475976],[-119.60066,45.91951],[-119.62363,45.9056],[-119.60057849200696,45.91952674475976]],[[-112.8539564675481,44.35953763684824],[-112.8639,44.3698],[-112.85427,44.35959],[-112.8539564675481,44.35953763684824]],[[-111.0581026884009,44.47761251330173],[-111.07479,44.48345],[-111.05997,44.47735],[-111.0581026884009,44.47761251330173]],[[-104.03969,44.99807],[-105.34551139992625,44.999582512910784],[-104.05788,44.9976],[-104.03969,44.99807]],[[-104.0406,45.43735],[-104.04191075933828,45.571857740095545],[-104.03969,44.99807],[-104.0406,45.43735]],[[-104.04683,46.01751],[-104.04532728224231,45.92245510864675],[-104.04555,45.94531],[-104.04683,46.01751]],[[-99.04726,45.93992],[-100.72111,45.94404],[-98.91500100364007,45.939236927591274],[-99.04726,45.93992]],[[-96.57788,46.02718],[-96.57424,46.01654],[-96.57783873611272,46.02726681122304],[-96.57788,46.02718]],[[-96.79604,46.63318],[-96.79819,46.62957],[-96.79472765070619,46.633755468674295],[-96.79604,46.63318]],[[-96.85103249815286,47.598522878253014],[-96.85275,47.59617],[-96.85101,47.59851],[-96.85103249815286,47.598522878253014]],[[-97.19939,48.88111],[-97.19026,48.87673],[-97.19934312599,48.88125198729243],[-97.19939,48.88111]],[[-97.1921190427987,48.89175277719501],[-97.20163,48.89193],[-97.19216,48.89169],[-97.1921190427987,48.89175277719501]],[[-97.19009449319056,48.895375979831584],[-97.19139278343023,48.89286595203488],[-97.18987,48.8952],[-97.19009449319056,48.895375979831584]],[[-97.2014287222605,48.900898855022724],[-97.19066787467806,48.895825452607795],[-97.19459,48.8989],[-97.2014287222605,48.900898855022724]],[[-97.2114,48.9056],[-97.21056780439085,48.90520764584938],[-97.21162784571858,48.90621244929155],[-97.2114,48.9056]],[[-97.21265,48.90896],[-97.21201604748664,48.9072559356441],[-97.21078,48.91603],[-97.21265,48.90896]],[[-97.23861,48.9665],[-97.2275,48.96234],[-97.2386010057785,48.96691501907743],[-97.23861,48.9665]],[[-97.23826,48.98265],[-97.23833219996743,48.979318487217206],[-97.23817811426574,48.98277500430932],[-97.23826,48.98265]],[[-97.23412,48.98897],[-97.23436198366267,48.98860059498839],[-97.23405435950413,48.98900532460421],[-97.23412,48.98897]],[[-84.80565245674526,41.69612770507466],[-84.19232,41.71101],[-84.80565245944354,41.69612843253631],[-84.80565245674526,41.69612770507466]],[[-84.81255,39.10694],[-84.8116627327122,39.10801231233713],[-84.83009031746029,39.10125196341785],[-84.81255,39.10694]],[[-84.76228,39.14219],[-84.76326196835323,39.1411544837452],[-84.75956338794437,39.14369514992272],[-84.76228,39.14219]],[[-84.7534,39.14711],[-84.75470974278049,39.146384331702706],[-84.75190173060055,39.1471815591355],[-84.7534,39.14711]],[[-84.74335,39.14759],[-84.74794715953652,39.14737043417139],[-84.73455103658908,39.144989234005216],[-84.74335,39.14759]],[[-84.72843,39.14318],[-84.7309210786053,39.14391630406497],[-84.72154852200057,39.138791408581596],[-84.72843,39.14318]],[[-84.71852,39.13686],[-84.71957605960252,39.13753349108858],[-84.68648,39.10111],[-84.71852,39.13686]],[[-84.66544,39.09777],[-84.670067543017,39.09799891194528],[-84.66121847539767,39.09632151357681],[-84.66544,39.09777]],[[-84.65454,39.09403],[-84.65613956621387,39.0945788419853],[-84.65352133769213,39.09322469676706],[-84.65454,39.09403]],[[-84.6157385355526,39.07337720011818],[-84.61867989743305,39.07337976451389],[-84.61834,39.0733],[-84.6157385355526,39.07337720011818]],[[-84.57191,39.08243],[-84.60635893331252,39.07365554580232],[-84.60385,39.07373],[-84.57191,39.08243]],[[-84.55109871799756,39.09932374812147],[-84.55166,39.09931],[-84.57191,39.08243],[-84.55109871799756,39.09932374812147]],[[-84.54227,39.09954],[-84.54763001112416,39.09940871112263],[-84.5412997287739,39.099128334443726],[-84.54227,39.09954]],[[-84.49702,39.10036],[-84.51064646320785,39.09384213970838],[-84.51034,39.09387],[-84.49702,39.10036]],[[-83.65562,38.62832],[-83.66877113736186,38.6265757647508],[-83.6684,38.62645],[-83.65562,38.62832]],[[-83.52114,38.70308],[-83.54522,38.69993],[-83.52096874714384,38.70304858756943],[-83.52114,38.70308]],[[-83.41598971088912,38.66664770087409],[-83.41855,38.66812],[-83.4454,38.66999],[-83.41598971088912,38.66664770087409]],[[-83.37757,38.66181],[-83.3821449223162,38.6623860612242],[-83.36996078204157,38.65913732486306],[-83.37757,38.66181]],[[-83.35784,38.65488],[-83.35976245244865,38.65555524558891],[-83.33195630939649,38.640163834975674],[-83.35784,38.65488]],[[-83.32757,38.63767],[-83.32766254546257,38.63772261669676],[-83.32555210471739,38.63479669258671],[-83.32757,38.63767]],[[-83.31996,38.61527],[-83.32205,38.62981],[-83.32212609717095,38.629918355754285],[-83.31996,38.61527]],[[-83.31353628982154,38.60569293136033],[-83.31706103115387,38.60901614139127],[-83.31659,38.608],[-83.31353628982154,38.60569293136033]],[[-83.30236638233984,38.598770069129365],[-83.30689709170906,38.60067703762364],[-83.30522,38.59941],[-83.30236638233984,38.598770069129365]],[[-83.29051891314295,38.59824071367884],[-83.29703617748623,38.5975747574097],[-83.29318,38.59671],[-83.29051891314295,38.59824071367884]],[[-83.26853,38.61511],[-83.28287968193082,38.60263496172121],[-83.28188,38.60321],[-83.26853,38.61511]],[[-83.17877,38.61919],[-83.20436,38.61677],[-83.1668726313861,38.619024298487275],[-83.17877,38.61919]],[[-83.13475,38.63201],[-83.15210161721679,38.61991255168104],[-83.15098,38.61998],[-83.13475,38.63201]],[[-83.05980383876083,38.69130560324719],[-83.06252977928108,38.68953143178994],[-83.06218,38.68967],[-83.05980383876083,38.69130560324719]],[[-83.04275,38.70762],[-83.05351006808989,38.69563784786796],[-83.05249,38.69634],[-83.04275,38.70762]],[[-83.03467784359924,38.72095513468301],[-83.03782,38.71729],[-83.04275,38.70762],[-83.03467784359924,38.72095513468301]],[[-83.03049,38.72584],[-83.03172259473227,38.72440225307491],[-83.02929951734336,38.72606756808038],[-83.03049,38.72584]],[[-83.00878,38.72999],[-83.01116101496679,38.72953485434767],[-83.00838837231296,38.72993274113334],[-83.00878,38.72999]],[[-82.97078,38.72853],[-82.97953635551646,38.72646150518612],[-82.97737,38.72619],[-82.97078,38.72853]],[[-82.93468,38.74666],[-82.9363382218803,38.74578336327654],[-82.93054706437947,38.747712708470885],[-82.93468,38.74666]],[[-82.89648,38.75639],[-82.90246373401745,38.75486587089032],[-82.89543941496636,38.75636764032159],[-82.89648,38.75639]],[[-82.89043,38.75626],[-82.89332060908369,38.7563221122613],[-82.88917415110966,38.75568800638236],[-82.89043,38.75626]],[[-82.87954,38.7513],[-82.88590395195992,38.7541985492857],[-82.88536,38.75279],[-82.87954,38.7513]],[[-82.87177,38.73943],[-82.87245631170804,38.74047845816916],[-82.87024124502365,38.729594200787105],[-82.87177,38.73943]],[[-82.86988,38.72727],[-82.86991924373902,38.72752248881831],[-82.87749,38.68947],[-82.86988,38.72727]],[[-82.67585425503104,38.515900449650914],[-82.68942,38.53619],[-82.67608,38.51613],[-82.67585425503104,38.515900449650914]],[[-82.6563248683952,38.49653641899827],[-82.67232187637603,38.512308525733104],[-82.65769,38.49743],[-82.6563248683952,38.49653641899827]],[[-82.62263536761999,38.47800089521275],[-82.64724764018142,38.4905946924631],[-82.63922,38.48534],[-82.62263536761999,38.47800089521275]],[[-82.61081,38.47195],[-82.61196354962055,38.47254025715741],[-82.60365,38.45922],[-82.61081,38.47195]],[[-82.59341,38.42188],[-82.60068201603312,38.43845365558871],[-82.60054,38.43746],[-82.59341,38.42188]],[[-82.59348,38.42167500000002],[-82.59348,38.41825],[-82.59341,38.42188],[-82.59348,38.42167500000002]],[[-82.5888,38.41363],[-82.5862165641518,38.412295420908606],[-82.59348,38.41825],[-82.5888,38.41363]],[[-82.59700772169343,38.411000998371975],[-82.59452858992798,38.41860412949664],[-82.59705,38.41122],[-82.59700772169343,38.411000998371975]],[[-82.57462,38.26394],[-82.57460014164359,38.264348623872245],[-82.58332,38.24679],[-82.57462,38.26394]],[[-82.49697,37.94202],[-82.49720201598272,37.94594571042778],[-82.49757,37.94595],[-82.49697,37.94202]],[[-82.49594,37.92695],[-82.50213663074314,37.933156178710384],[-82.5022,37.93305],[-82.49594,37.92695]],[[-82.39662,37.80893],[-82.40135700965517,37.80965425354232],[-82.40132,37.80951],[-82.39662,37.80893]],[[-82.12341,37.55153],[-82.13230760084993,37.552705496047246],[-82.13209,37.55237],[-82.12341,37.55153]],[[-82.04502,37.54472],[-82.042,37.53419],[-82.04486328085504,37.54497658918831],[-82.04502,37.54472]],[[-82.04298,37.54806],[-82.04362237768632,37.54700826398416],[-82.0425258984857,37.54802843144553],[-82.04298,37.54806]],[[-82.01962,37.54065],[-82.02964,37.53785],[-82.01936442838104,37.54017567040249],[-82.01962,37.54065]],[[-82.01104812666371,37.53291945707631],[-82.01601,37.53395],[-82.01117,37.53288],[-82.01104812666371,37.53291945707631]],[[-81.99829,37.5433],[-82.00595,37.53457],[-81.9982727882721,37.54324901842624],[-81.99829,37.5433]],[[-81.98124,37.54225],[-81.97604,37.54583],[-81.98153023939356,37.54226954598204],[-81.98124,37.54225]],[[-81.97009,37.54672],[-81.97102595505619,37.54658],[-81.96989666666666,37.54658],[-81.97009,37.54672]],[[-81.96798,37.53805],[-81.96839499704832,37.53665893908302],[-81.96487,37.54294],[-81.96798,37.53805]],[[-82.49149,37.22504],[-82.49143450575126,37.225076534867],[-82.49876,37.22703],[-82.49149,37.22504]],[[-82.52474085587217,37.21496870817603],[-82.52091,37.21217],[-82.5247,37.21498],[-82.52474085587217,37.21496870817603]],[[-82.5292458867634,37.21360120534823],[-82.52563563994755,37.214721406044646],[-82.52868,37.21388],[-82.5292458867634,37.21360120534823]],[[-82.53152196284458,37.2103015600332],[-82.53050875647783,37.212979029066645],[-82.53209,37.2122],[-82.53152196284458,37.2103015600332]],[[-82.5507634017383,37.20449211492033],[-82.546,37.20308],[-82.55068,37.20454],[-82.5507634017383,37.20449211492033]],[[-82.59226,37.18304],[-82.57469,37.19054],[-82.5531171052636,37.20314073684186],[-82.56538,37.1961],[-82.59226,37.18304]],[[-82.62188944709186,37.165269681536195],[-82.59746,37.17705],[-82.62065,37.16644],[-82.62188944709186,37.165269681536195]],[[-82.72243,37.04495],[-82.7224287251992,37.04502199853284],[-82.72582,37.04225],[-82.72243,37.04495]],[[-82.87868,36.88953],[-82.87741,36.89551],[-82.87902424741824,36.889468654871834],[-82.87868,36.88953]],[[-83.00658,36.84764],[-82.99859,36.85657],[-83.00739510284293,36.84754650678215],[-83.00658,36.84764]],[[-83.57761,36.64139],[-83.57751192409201,36.641486763855724],[-83.58074749473687,36.64126362105263],[-83.57761,36.64139]],[[-83.58332,36.64116],[-83.58319830552782,36.641164901878916],[-83.58645,36.64386],[-83.58332,36.64116]],[[-83.64073,36.62476],[-83.63471,36.62289],[-83.63431724619434,36.622986259585666],[-83.64073,36.62476]],[[-83.64778077430309,36.62276342493633],[-83.64690749110461,36.62327102079545],[-83.6477,36.62308],[-83.64778077430309,36.62276342493633]],[[-83.67525276997658,36.60102187574902],[-83.67364090224656,36.60386288462478],[-83.67444,36.60362],[-83.67525276997658,36.60102187574902]],[[-83.67505143793018,36.6007621809437],[-83.67532943306944,36.600776812266815],[-83.6754936500251,36.600251871548984],[-83.67505143793018,36.6007621809437]],[[-81.67997230039107,36.58576152205875],[-81.67945317583923,36.58625893417687],[-81.68001,36.58582],[-81.67997230039107,36.58576152205875]],[[-81.7080209050266,36.53569741360342],[-81.69979,36.53673],[-81.70802,36.53583],[-81.7080209050266,36.53569741360342]],[[-81.74145593485476,36.41180062224945],[-81.74091505861149,36.41242884496677],[-81.74171,36.41242],[-81.74145593485476,36.41180062224945]],[[-81.74003,36.40845],[-81.7401602874677,36.40864200258398],[-81.74004980263203,36.408372654937246],[-81.74003,36.40845]],[[-83.62488,34.98663],[-83.61995,34.98667],[-84.89152,34.98824],[-83.62488,34.98663]],[[-83.17744646565355,34.99949845866849],[-83.62005,34.99203],[-83.29685,34.99628],[-83.17744646565355,34.99949845866849]],[[-83.10822608806083,35.000760578699406],[-83.10931855683711,35.000648043865354],[-83.10422262687169,34.99807547784143],[-83.10822608806083,35.000760578699406]],[[-83.10247,34.9969],[-83.10336561474224,34.99750068420779],[-83.10352,34.99367],[-83.10247,34.9969]],[[-83.09843376713401,34.99073150462061],[-83.09824,34.99082],[-83.10352,34.99367],[-83.09843376713401,34.99073150462061]],[[-83.12187412376343,34.96417473969238],[-83.12194284135714,34.96455459527978],[-83.12211,34.96433],[-83.12187412376343,34.96417473969238]],[[-83.1249485422459,34.95488098518368],[-83.11412,34.95018],[-83.12446,34.95503],[-83.1249485422459,34.95488098518368]],[[-83.12695726050067,34.95411218077701],[-83.12649158297633,34.95441032797247],[-83.12705,34.95424],[-83.12695726050067,34.95411218077701]],[[-83.12108,34.94215],[-83.12726274063847,34.949410466070866],[-83.12743,34.9493],[-83.12108,34.94215]],[[-83.29108,34.82319],[-83.2888607422365,34.8245416467037],[-83.28903,34.82465],[-83.29108,34.82319]],[[-83.30017184879047,34.81836261545462],[-83.29985,34.81504],[-83.29895,34.81745],[-83.30017184879047,34.81836261545462]],[[-83.30301,34.81884],[-83.3004598858075,34.818577754214246],[-83.30057,34.81866],[-83.30301,34.81884]],[[-83.30621732845238,34.81531970792118],[-83.30575359584893,34.81625154796396],[-83.30637,34.81567],[-83.30621732845238,34.81531970792118]],[[-83.35269,34.7169],[-83.35331559160693,34.728607500072556],[-83.35342,34.72842],[-83.35269,34.7169]],[[-83.35358517266889,34.69885361121759],[-83.34665,34.70422],[-83.35299,34.70084],[-83.35358517266889,34.69885361121759]],[[-83.34013,34.69148],[-83.35369064492735,34.69850159755498],[-83.35379,34.69817],[-83.34013,34.69148]],[[-83.34093433751079,34.681175291578604],[-83.34177713332888,34.6820826076507],[-83.342,34.68177],[-83.34093433751079,34.681175291578604]],[[-83.33238477081709,34.68102257516679],[-83.34017632168934,34.68075226984599],[-83.3389,34.68004],[-83.33238477081709,34.68102257516679]],[[-83.329,34.68114],[-83.32967370399729,34.68111662778847],[-83.3274244778026,34.68028796550622],[-83.329,34.68114]],[[-106.87831937056377,37.00009943720997],[-106.86982,36.9925],[-106.87723,37.0001],[-106.87831937056377,37.00009943720997]],[[-104.36110317424125,36.99350419099161],[-104.33883,36.99353],[-103.62551,36.99863],[-104.36110317424125,36.99350419099161]],[[-94.61796,36.99891],[-94.61786,36.49943],[-94.61788260075915,37.18924472026598],[-94.61796,36.99891]],[[-94.57181,36.21375],[-94.617843885396,36.49942999497225],[-94.61786,36.49943],[-94.57181,36.21375]],[[-89.60130848727351,36.1201225882406],[-89.6005,36.12052],[-89.59833310091174,36.12319727235938],[-89.60130848727351,36.1201225882406]],[[-89.5933903363181,36.12930421434723],[-89.59307,36.1297],[-89.59295208492844,36.132499797396754],[-89.5933903363181,36.12930421434723]],[[-89.5923591529408,36.14657848482424],[-89.59221,36.15012],[-89.59321671824128,36.151798638730284],[-89.5923591529408,36.14657848482424]],[[-89.59771814532759,36.1593044825093],[-89.60087,36.16456],[-89.60450521723068,36.167988090897964],[-89.59771814532759,36.1593044825093]],[[-89.61223572471175,36.17527813180911],[-89.61298,36.17598],[-89.6136322804901,36.17637125071308],[-89.61223572471175,36.17527813180911]],[[-89.62532201921036,36.18338298673682],[-89.66657034938977,36.20812454936358],[-89.63689,36.18895],[-89.62532201921036,36.18338298673682]],[[-89.68588764027274,36.22060419853286],[-89.69618955538574,36.22823467813221],[-89.69263,36.22496],[-89.68588764027274,36.22060419853286]],[[-89.70099109799641,36.23265194514567],[-89.70475977346497,36.237917765663376],[-89.70525,36.23657],[-89.70099109799641,36.23265194514567]],[[-89.70259786609218,36.24386143520429],[-89.70051217614163,36.247345587769175],[-89.70182,36.246],[-89.70259786609218,36.24386143520429]],[[-89.6519873500316,36.250628183756085],[-89.65056290170372,36.25046287060391],[-89.65141,36.25068],[-89.6519873500316,36.250628183756085]],[[-89.62605732362907,36.24418156725158],[-89.61114,36.23927],[-89.60237,36.23811],[-89.62605732362907,36.24418156725158]],[[-89.53923,36.24882],[-89.53474,36.25257],[-89.5347515684847,36.25270786911767],[-89.53923,36.24882]],[[-89.50972,36.37363],[-89.51038,36.37836],[-89.51291577468508,36.382116892206135],[-89.50972,36.37363]],[[-89.5190495071179,36.39120436031083],[-89.52529,36.40045],[-89.54234,36.4201],[-89.5190495071179,36.39120436031083]],[[-89.54341,36.43877],[-89.52519,36.45399],[-89.52450965920707,36.45560814144716],[-89.54341,36.43877]],[[-89.55295269739067,36.51491050830221],[-89.53452,36.49143],[-89.52056214864042,36.477682472428036],[-89.53923,36.49793],[-89.55295269739067,36.51491050830221]],[[-89.57102,36.5502],[-89.56007063716808,36.52397770234852],[-89.57096745918884,36.55155156707358],[-89.57102,36.5502]],[[-89.5708977704151,36.553344250701244],[-89.56890939535486,36.56126704244706],[-89.57073,36.55766],[-89.5708977704151,36.553344250701244]],[[-89.55963,36.57279],[-89.56795000256528,36.56316782333579],[-89.55808298960139,36.573749837239085],[-89.55963,36.57279]],[[-89.5561548661059,36.574946134778],[-89.54816147075113,36.57859583234696],[-89.55112,36.57807],[-89.5561548661059,36.574946134778]],[[-89.53403633776365,36.58110635403029],[-89.52986008671935,36.581466241752025],[-89.53064,36.58171],[-89.53403633776365,36.58110635403029]],[[-89.47326,36.51242],[-89.48543,36.49749],[-89.48626711526221,36.49553883700519],[-89.47326,36.51242]],[[-89.4873934608141,36.492913530957814],[-89.49338,36.47896],[-89.49326066562907,36.47559477073954],[-89.4873934608141,36.492913530957814]],[[-89.49312220072969,36.471690060576876],[-89.49308,36.4705],[-89.49202860807227,36.46921971287756],[-89.49312220072969,36.471690060576876]],[[-89.47407622496148,36.458255617033196],[-89.47189,36.45756],[-89.46811796983853,36.45794330882036],[-89.47407622496148,36.458255617033196]],[[-89.4623130376981,36.4585331985073],[-89.46077,36.45869],[-89.45808420271194,36.46009771254979],[-89.4623130376981,36.4585331985073]],[[-89.45043652295152,36.464106106937344],[-89.44896,36.46488],[-89.44681600185665,36.46683445463359],[-89.45043652295152,36.464106106937344]],[[-89.3439,36.63189],[-89.3279166132259,36.63184469561572],[-89.33203,36.63288],[-89.3439,36.63189]],[[-89.3255013544221,36.631236795564966],[-89.32088738662604,36.62756819731734],[-89.32464,36.63102],[-89.3255013544221,36.631236795564966]],[[-89.3152727351972,36.62240361814732],[-89.29468,36.59378],[-89.31466,36.62184],[-89.3152727351972,36.62240361814732]],[[-89.27315957064445,36.57317588021113],[-89.26955,36.56972],[-89.26649246257112,36.568414319289545],[-89.27315957064445,36.57317588021113]],[[-89.25987580334578,36.565588762932805],[-89.25838,36.56495],[-89.25708688400765,36.56506308173382],[-89.25987580334578,36.565588762932805]],[[-89.21685639839622,36.577560307179915],[-89.21387,36.57991],[-89.21255637112095,36.582484002533256],[-89.21685639839622,36.577560307179915]],[[-89.20113965261997,36.72460193104344],[-89.20089984674063,36.72784246575501],[-89.2014,36.72588],[-89.20113965261997,36.72460193104344]],[[-89.18669220827258,36.751863988170534],[-89.18407688971229,36.753853163687886],[-89.18532,36.75335],[-89.18669220827258,36.751863988170534]],[[-89.1714028712297,36.75898312354988],[-89.168809693888,36.759354757245355],[-89.16978,36.75964],[-89.1714028712297,36.75898312354988]],[[-89.15936832176354,36.756579258916446],[-89.15855,36.75623],[-89.15811257513299,36.756210104663374],[-89.15936832176354,36.756579258916446]],[[-89.11901540817476,36.76122599819839],[-89.1182,36.76233],[-89.1179501750547,36.76372698030635],[-89.11901540817476,36.76122599819839]],[[-89.11683549979203,36.7699600623874],[-89.11624,36.77329],[-89.11660809987232,36.77385707277627],[-89.11683549979203,36.7699600623874]],[[-89.10164,36.94073],[-89.09898,36.95822],[-89.09953680141162,36.96061478665383],[-89.10164,36.94073]],[[-89.10031271696394,36.963951976844946],[-89.10104,36.96708],[-89.10752677873893,36.97409697962476],[-89.10031271696394,36.963951976844946]],[[-89.11039557695248,36.977200260840625],[-89.11095,36.9778],[-89.11223490291422,36.9783544937316],[-89.11039557695248,36.977200260840625]],[[-89.12219553899953,36.982652958783625],[-89.12344,36.98319],[-89.12392078067276,36.983132631239684],[-89.12219553899953,36.982652958783625]],[[-89.13005162558717,36.98240107318759],[-89.13291,36.98206],[-89.13740169351767,36.98063621790383],[-89.13005162558717,36.98240107318759]],[[-89.13910339249223,36.9855239535553],[-89.17017,37.00707],[-89.14716,36.99003],[-89.13910339249223,36.9855239535553]],[[-89.17949540211588,37.02261856625332],[-89.17935,37.02181],[-89.17017,37.00707],[-89.17949540211588,37.02261856625332]],[[-89.18247,37.03916],[-89.17842427967526,37.05551840061891],[-89.17939,37.05325],[-89.18247,37.03916]],[[-89.17652336166361,37.059983506595884],[-89.16959893543637,37.07129511567397],[-89.17383,37.06631],[-89.17652336166361,37.059983506595884]],[[-89.09613413029071,37.147933275159524],[-89.08671,37.16545],[-89.09276,37.15676],[-89.09613413029071,37.147933275159524]],[[-89.03278985195766,37.208717029419624],[-89.07646,37.17474],[-89.08671,37.16545],[-89.03278985195766,37.208717029419624]],[[-89.0297130953002,37.21111086264791],[-89.01315,37.21648],[-89.02947,37.2113],[-89.0297130953002,37.21111086264791]],[[-89.00007,37.22476],[-88.97111874938345,37.22980672499104],[-88.97737,37.22944],[-89.00007,37.22476]],[[-88.96909764894278,37.22992529135263],[-88.9675164051751,37.229795809853044],[-88.96629,37.23009],[-88.96909764894278,37.22992529135263]],[[-88.97290057935703,37.22847850857555],[-88.97295,37.22847],[-88.97083518447364,37.22807907955422],[-88.97290057935703,37.22847850857555]],[[-88.95380377142777,37.22493084865786],[-88.95315,37.22481],[-88.93268,37.22526],[-88.95380377142777,37.22493084865786]],[[-88.94142436406523,37.228753819985656],[-88.94081090539025,37.22867190763616],[-88.94159,37.22882],[-88.94142436406523,37.228753819985656]],[[-88.92561199757769,37.22578285904369],[-88.88485119490694,37.214399549461305],[-88.91618,37.22399],[-88.92561199757769,37.22578285904369]],[[-88.87418519932025,37.21113444877151],[-88.83509,37.19649],[-88.86669,37.20884],[-88.87418519932025,37.21113444877151]],[[-88.80313611213214,37.18788173279422],[-88.80363,37.18816],[-88.83509,37.19649],[-88.80313611213214,37.18788173279422]],[[-88.80132987435132,37.18686405900031],[-88.7615,37.15961],[-88.79007,37.18052],[-88.80132987435132,37.18686405900031]],[[-88.73270689655175,37.144061724137934],[-88.7325,37.14395],[-88.71946,37.14075],[-88.73270689655175,37.144061724137934]],[[-88.6178249002767,37.11626048236901],[-88.58986,37.09979],[-88.61553,37.11537],[-88.6178249002767,37.11626048236901]],[[-88.57286,37.07966],[-88.56651,37.07537],[-88.56619946308726,37.07537],[-88.57286,37.07966]],[[-88.56568895319005,37.07762380424925],[-88.56591856,37.07537],[-88.56515,37.07537],[-88.56568895319005,37.07762380424925]],[[-88.56486370383104,37.07736496119502],[-88.54692,37.07082],[-88.54006258931915,37.06958598365518],[-88.56486370383104,37.07736496119502]],[[-88.52619720891407,37.06709085731037],[-88.51669,37.06538],[-88.51219265870202,37.065465226584365],[-88.52619720891407,37.06709085731037]],[[-88.51011708932599,37.065504559531725],[-88.50297,37.06564],[-88.48941,37.06846],[-88.51011708932599,37.065504559531725]],[[-88.48262,37.06726],[-88.45994,37.07463],[-88.4595341539316,37.075159610710344],[-88.48262,37.06726]],[[-88.5113868426612,37.29846416348123],[-88.50820283856415,37.30403961157769],[-88.51125,37.2989],[-88.5113868426612,37.29846416348123]],[[-88.48612333307153,37.34270260732682],[-88.48468,37.34523],[-88.4836498063856,37.35410085270683],[-88.48612333307153,37.34270260732682]],[[-88.47796206340134,37.38031051139439],[-88.47574343155948,37.38820995161021],[-88.47648,37.38714],[-88.47796206340134,37.38031051139439]],[[-88.47113274104018,37.39490751761207],[-88.4685047289944,37.398106000565335],[-88.46941,37.39741],[-88.47113274104018,37.39490751761207]],[[-88.45099108985026,37.41157103221902],[-88.4369908579042,37.41642811514478],[-88.45016,37.41221],[-88.45099108985026,37.41157103221902]],[[-88.41098432049587,37.42475808595893],[-88.40289180609831,37.42258762472619],[-88.40923,37.42532],[-88.41098432049587,37.42475808595893]],[[-88.38793584227781,37.41614015619289],[-88.37715,37.40964],[-88.38434,37.41459],[-88.38793584227781,37.41614015619289]],[[-88.37214,37.40311],[-88.37184520990061,37.40305741374529],[-88.37715,37.40964],[-88.37214,37.40311]],[[-88.06806504304694,37.48586232807794],[-88.06784,37.48587],[-88.06753934979655,37.48644041600446],[-88.06806504304694,37.48586232807794]],[[-88.06116845478034,37.504485002523786],[-88.06449151060664,37.4922230039853],[-88.06307,37.49492],[-88.06116845478034,37.504485002523786]],[[-88.06283,37.51486],[-88.06901,37.5254],[-88.06927107288332,37.52563991780622],[-88.06283,37.51486]],[[-88.10574,37.55659],[-88.12318,37.56951],[-88.12870095342898,37.57206157577393],[-88.10574,37.55659]],[[-88.13553479288804,37.57666636125659],[-88.13743408171106,37.57973351705797],[-88.13649,37.57731],[-88.13553479288804,37.57666636125659]],[[-88.14212258256164,37.59176919326521],[-88.1423227493791,37.59267550413314],[-88.14238,37.59243],[-88.14212258256164,37.59176919326521]],[[-88.14081249963407,37.600113045132964],[-88.14078,37.60026],[-88.14107163005698,37.600881726135405],[-88.14081249963407,37.600113045132964]],[[-88.14613407905723,37.6116743614532],[-88.15728949514303,37.635456593654744],[-88.15707,37.63328],[-88.14613407905723,37.6116743614532]],[[-88.15970062599955,37.65936624400277],[-88.15937319634703,37.661330821917794],[-88.15982,37.66055],[-88.15970062599955,37.65936624400277]],[[-88.04533710461513,37.76208571810205],[-88.04458,37.76312],[-88.04435826338437,37.76387272332959],[-88.04533710461513,37.76208571810205]],[[-88.0286651675317,37.79857504253555],[-88.01629,37.80197],[-88.02802,37.7992],[-88.0286651675317,37.79857504253555]],[[-88.02869,37.80479],[-88.02960616311604,37.80543009623913],[-88.02802,37.7992],[-88.02869,37.80479]],[[-87.97285,37.78537],[-87.95983,37.77313],[-87.95963522266088,37.77309489619921],[-87.97285,37.78537]],[[-87.9455148724551,37.77451727764185],[-87.94486,37.77481],[-87.94328135185413,37.778042950356266],[-87.9455148724551,37.77451727764185]],[[-87.93494,37.79121],[-87.93415981287691,37.796218608691376],[-87.9345,37.79608],[-87.93494,37.79121]],[[-87.92566526617289,37.85712726952819],[-87.92717160151278,37.85864700113098],[-87.92592,37.8573],[-87.92566526617289,37.85712726952819]],[[-87.94094,37.87897],[-87.93602900075399,37.86817952939473],[-87.94090618073454,37.87930165938729],[-87.94094,37.87897]],[[-87.94082337544386,37.8801137158176],[-87.93862315429247,37.889156468705735],[-87.94006,37.8876],[-87.94082337544386,37.8801137158176]],[[-87.92018938003415,37.909124926426315],[-87.90386,37.92554],[-87.90859,37.92169],[-87.92018938003415,37.909124926426315]],[[-87.89400710093416,37.92795984116],[-87.89438,37.92806],[-87.90386,37.92554],[-87.89400710093416,37.92795984116]],[[-87.6821,37.84678],[-87.67941,37.83653],[-87.67811927811893,37.83531043147511],[-87.6821,37.84678]],[[-87.645547683899,37.82628381972884],[-87.64416,37.82619],[-87.64301142804469,37.826365700466674],[-87.645547683899,37.82628381972884]],[[-87.63505985464096,37.82758207629006],[-87.62566,37.82902],[-87.62248045219799,37.830124778532266],[-87.63505985464096,37.82758207629006]],[[-87.61275659884893,37.83350346792456],[-87.61245,37.83361],[-87.61233569532588,37.83372062731195],[-87.61275659884893,37.83350346792456]],[[-87.61995588407522,37.90709549722924],[-87.62732,37.9204],[-87.62037,37.90736],[-87.61995588407522,37.90709549722924]],[[-87.62652676362269,37.926963813100144],[-87.62712,37.92571],[-87.62732,37.9204],[-87.62652676362269,37.926963813100144]],[[-87.62527,37.92962],[-87.62588604689773,37.9283179765567],[-87.61913868790329,37.93366066592306],[-87.62527,37.92962]],[[-87.62226329652981,37.93633450622955],[-87.60581,37.94961],[-87.62235,37.9363],[-87.62226329652981,37.93633450622955]],[[-87.60181946379319,37.96920154653565],[-87.59843180112942,37.9731224523965],[-87.60139,37.97131],[-87.60181946379319,37.96920154653565]],[[-87.59699659159509,37.97400178778732],[-87.58741,37.97528],[-87.5954,37.97498],[-87.59699659159509,37.97400178778732]],[[-87.57895263439528,37.97080464403417],[-87.57958,37.9715],[-87.58741,37.97528],[-87.57895263439528,37.97080464403417]],[[-87.57734378277516,37.9690214341104],[-87.57509459794143,37.96333564563405],[-87.57552,37.967],[-87.57734378277516,37.9690214341104]],[[-87.57468727042121,37.959826982836184],[-87.57751,37.95166],[-87.57451,37.9583],[-87.57468727042121,37.959826982836184]],[[-87.56755262230995,37.939795486653914],[-87.56702,37.93874],[-87.56472409139789,37.93652780729953],[-87.56755262230995,37.939795486653914]],[[-87.558425834758,37.93045920450246],[-87.55605,37.92817],[-87.55299961720992,37.92683876099088],[-87.558425834758,37.93045920450246]],[[-87.44913,37.94185],[-87.43288478658046,37.94430604511185],[-87.43798,37.94418],[-87.44913,37.94185]],[[-87.41858082457784,37.944659895744195],[-87.41316123173787,37.94452841449778],[-87.41413,37.94477],[-87.41858082457784,37.944659895744195]],[[-87.36268224635747,37.92182606046941],[-87.36208,37.9212],[-87.35765457704457,37.92034235989236],[-87.36268224635747,37.92182606046941]],[[-87.35670818252962,37.9200630722144],[-87.35632857784833,37.919817679668085],[-87.35663,37.92004],[-87.35670818252962,37.9200630722144]],[[-87.3395628376965,37.90897959502499],[-87.33879,37.90848],[-87.33813847314177,37.90838266929975],[-87.3395628376965,37.90897959502499]],[[-87.29805177561138,37.89578906563087],[-87.2970245478526,37.89520363773032],[-87.29761,37.89559],[-87.29805177561138,37.89578906563087]],[[-87.13394,37.79272],[-87.13007,37.78678],[-87.12984216466106,37.78669850833383],[-87.13394,37.79272]],[[-87.12211339217278,37.78393409720038],[-87.11939,37.78296],[-87.11847987641966,37.782903248645106],[-87.12211339217278,37.78393409720038]],[[-87.1139788402806,37.78262258357408],[-87.11073,37.78242],[-87.10960312296193,37.78270579072667],[-87.1139788402806,37.78262258357408]],[[-86.52494,37.96649],[-86.52513954360859,38.02858797099321],[-86.52517,38.02849],[-86.52494,37.96649]],[[-86.51085991618771,38.04419067145855],[-86.50652819960013,38.0451261964566],[-86.50882,38.04505],[-86.51085991618771,38.04419067145855]],[[-86.49415626109246,38.04553753152554],[-86.47877,38.04562],[-86.474429574906,38.046193392999264],[-86.49415626109246,38.04553753152554]],[[-86.46565662954104,38.04735234525537],[-86.45977,38.04813],[-86.45671635222925,38.04942657832895],[-86.46565662954104,38.04735234525537]],[[-86.45206621344737,38.05140102647222],[-86.4479,38.05317],[-86.44089431092867,38.05944906180714],[-86.45206621344737,38.05140102647222]],[[-86.43546343103387,38.064316653014714],[-86.43392,38.0657],[-86.43074183430312,38.07491668052095],[-86.43546343103387,38.064316653014714]],[[-86.43058169501381,38.07538108445994],[-86.43052,38.07556],[-86.430590751575,38.0759211848359],[-86.43058169501381,38.07538108445994]],[[-86.43214157664995,38.0838381040031],[-86.43233,38.0848],[-86.43330915020715,38.085445276038165],[-86.43214157664995,38.0838381040031]],[[-86.45404,38.09337],[-86.43562409871639,38.08697086505572],[-86.45555055976284,38.094412595918314],[-86.45404,38.09337]],[[-86.45939787911176,38.09706803501336],[-86.46352836551002,38.10132351549794],[-86.46282,38.09943],[-86.45939787911176,38.09706803501336]],[[-86.46516638088754,38.10570205660324],[-86.46600995234112,38.11123830997525],[-86.46646,38.10916],[-86.46516638088754,38.10570205660324]],[[-86.46514610254339,38.115227548928836],[-86.46272187562211,38.11876663558887],[-86.46468,38.11738],[-86.46514610254339,38.115227548928836]],[[-86.4552672955925,38.124045557646035],[-86.45009076280941,38.12674580617533],[-86.45142,38.12677],[-86.4552672955925,38.124045557646035]],[[-86.43437454062348,38.1264597507394],[-86.43262055546988,38.126356513174805],[-86.43274,38.12643],[-86.43437454062348,38.1264597507394]],[[-86.43088590748368,38.12528929165187],[-86.40188,38.10433],[-86.41699,38.11674],[-86.43088590748368,38.12528929165187]],[[-86.3806391932689,38.12905724198671],[-86.38052229193339,38.129090524968],[-86.38061,38.12908],[-86.3806391932689,38.12905724198671]],[[-86.37050193738429,38.13029296751389],[-86.36520108887007,38.12989114543481],[-86.36961,38.1304],[-86.37050193738429,38.13029296751389]],[[-86.341098790058,38.12806411042461],[-86.33867,38.12788],[-86.3353329450489,38.129112902075526],[-86.341098790058,38.12806411042461]],[[-86.32463819221354,38.137577726769734],[-86.33204639600895,38.130327144331666],[-86.33055,38.13088],[-86.32463819221354,38.137577726769734]],[[-86.32476641395213,38.15229778898817],[-86.32587,38.15403],[-86.32939622473079,38.15503111624364],[-86.32476641395213,38.15229778898817]],[[-86.36314,38.16086],[-86.3358928316961,38.15687554172927],[-86.36417247745105,38.161235796140566],[-86.36314,38.16086]],[[-86.36826076750042,38.16272383214611],[-86.37161375871302,38.1642780083305],[-86.37119,38.16379],[-86.36826076750042,38.16272383214611]],[[-86.3768059057173,38.170257380349064],[-86.37847,38.1816],[-86.37706,38.17055],[-86.3768059057173,38.170257380349064]],[[-86.37627536552037,38.18968267820544],[-86.37726,38.1883],[-86.37847,38.1816],[-86.37627536552037,38.18968267820544]],[[-86.37461640372132,38.192012284136034],[-86.37192591399597,38.19462301626083],[-86.37303,38.19424],[-86.37461640372132,38.192012284136034]],[[-86.29227912106113,38.16189388982286],[-86.2835265819685,38.152409415813636],[-86.2914,38.1615],[-86.29227912106113,38.16189388982286]],[[-86.27264626148992,38.13984708660801],[-86.27064073140532,38.1300731971345],[-86.2718,38.13887],[-86.27264626148992,38.13984708660801]],[[-86.27046054193225,38.12870587701538],[-86.27912,38.10094],[-86.27044,38.12855],[-86.27046054193225,38.12870587701538]],[[-84.94112,38.77569],[-84.88748133981751,38.794808136981246],[-84.88756,38.79482],[-84.94112,38.77569]],[[-84.81494472610096,38.78494464399982],[-84.81382,38.78508],[-84.81352495725282,38.78599436671201],[-84.81494472610096,38.78494464399982]],[[-84.83341,39.09986],[-84.86147966652253,39.07779557614275],[-84.83304678996481,39.10001229621385],[-84.83341,39.09986]],[[-106.64531561665467,31.895190552523694],[-106.6453,31.89486],[-106.63392,31.88918],[-106.64531561665467,31.895190552523694]],[[-106.6296019456617,31.91107575810692],[-106.63367,31.90979],[-106.63618692579732,31.90742012575223],[-106.6296019456617,31.91107575810692]],[[-103.06463,32.9999],[-103.06472,32.33465],[-103.06451,32.00042],[-103.06463,32.9999]],[[-103.04170989295767,36.50036013585424],[-103.04172,36.50036],[-103.0409,35.8961],[-103.04170989295767,36.50036013585424]],[[-103.00236999756454,36.500430427908526],[-103.00236996086642,36.50088892520266],[-103.03587394537065,36.500438579988675],[-103.00236999756454,36.500430427908526]],[[-99.69453,34.37822],[-99.67828,34.3798],[-99.69465499080438,34.3783577449681],[-99.69453,34.37822]],[[-99.3793647988188,34.45711631767451],[-99.3812,34.45688],[-99.39519,34.44203],[-99.3793647988188,34.45711631767451]],[[-99.35897,34.45581],[-99.36893,34.45846],[-99.36904512366918,34.458445175599245],[-99.35897,34.45581]],[[-99.35574464453842,34.45267075839783],[-99.3557,34.45308],[-99.35897,34.45581],[-99.35574464453842,34.45267075839783]],[[-99.19225545949078,34.25868617336246],[-99.19384,34.26031],[-99.19925,34.26079],[-99.19225545949078,34.25868617336246]],[[-99.19691,34.24438],[-99.19142,34.25783],[-99.19170540194067,34.25812247802184],[-99.19691,34.24438]],[[-99.19277,34.21787],[-99.19118267275863,34.2164570652134],[-99.19260364633145,34.21858149105],[-99.19277,34.21787]],[[-99.18831,34.2139],[-99.15365,34.20733],[-99.18856012175874,34.21412264201395],[-99.18831,34.2139]],[[-98.487,34.06288],[-98.4866137359123,34.06285666449073],[-98.49461,34.07009],[-98.487,34.06288]],[[-98.48071,34.0625],[-98.47147,34.06567],[-98.48543293760093,34.062785328503715],[-98.48071,34.0625]],[[-98.42353,34.08284],[-98.42188020070874,34.08289480102541],[-98.42848,34.08552],[-98.42353,34.08284]],[[-98.41781,34.08303],[-98.41648016393444,34.0841237704918],[-98.41893065306122,34.082992775510206],[-98.41781,34.08303]],[[-98.41105,34.08859],[-98.41022301701415,34.09171542535344],[-98.41345262830403,34.08661387376178],[-98.41105,34.08859]],[[-98.4096,34.09407],[-98.41137,34.10032],[-98.4098499810964,34.09312524385634],[-98.4096,34.09407]],[[-98.1227884535965,34.15452172665564],[-98.12338,34.15454],[-98.13082,34.15053],[-98.1227884535965,34.15452172665564]],[[-98.10925884754162,34.15386997313394],[-98.10946,34.15411],[-98.11694423730566,34.15434119411217],[-98.10925884754162,34.15386997313394]],[[-98.0922393457407,34.13195351993066],[-98.09237,34.13215],[-98.10289,34.13261],[-98.0922393457407,34.13195351993066]],[[-98.09016646721744,34.126448983189164],[-98.08975,34.12821],[-98.08996504581604,34.12853338950964],[-98.09016646721744,34.126448983189164]],[[-98.09161068497544,34.12034215978553],[-98.09980976696008,34.1038166808786],[-98.09242,34.11692],[-98.09161068497544,34.12034215978553]],[[-97.9460729234368,33.98895079155339],[-97.94573,33.98984],[-97.94628123470493,33.98988418627397],[-97.9460729234368,33.98895079155339]],[[-97.98355,33.904],[-97.98379026991003,33.9022477877293],[-97.9788,33.91255],[-97.98355,33.904]],[[-97.97426,33.88641],[-97.96918398422125,33.88328938871649],[-97.976029775,33.88844235289317],[-97.97426,33.88641]],[[-97.96668,33.88175],[-97.95706,33.87877],[-97.96707483357345,33.8819927340966],[-97.96668,33.88175]],[[-97.87818,33.85053],[-97.87593434352414,33.85004590638843],[-97.88872,33.85672],[-97.87818,33.85053]],[[-97.8715,33.84909],[-97.8687686568969,33.849737615825234],[-97.874433450314,33.84972236054673],[-97.8715,33.84909]],[[-97.83615197338491,33.857471203152684],[-97.84378,33.85681],[-97.85429320909918,33.85316982068464],[-97.83615197338491,33.857471203152684]],[[-97.8335,33.8581],[-97.82074,33.8689],[-97.83385512555893,33.8580157978609],[-97.8335,33.8581]],[[-97.81718598240896,33.88110260594606],[-97.81764,33.88099],[-97.81775378072355,33.88054625517813],[-97.81718598240896,33.88110260594606]],[[-97.80597,33.87657],[-97.80568005755498,33.877136015205885],[-97.80894,33.87671],[-97.80597,33.87657]],[[-97.7986438351782,33.898562487043314],[-97.79891,33.89854],[-97.80163,33.89588],[-97.7986438351782,33.898562487043314]],[[-97.78798,33.89189],[-97.78696308051337,33.89150406067676],[-97.78807801892373,33.892049668835014],[-97.78798,33.89189]],[[-97.78466,33.89063],[-97.78084,33.89445],[-97.78517164710304,33.89082417932224],[-97.78466,33.89063]],[[-97.77968,33.89924],[-97.78034,33.90483],[-97.78084,33.89445],[-97.77968,33.89924]],[[-97.2106260755578,33.91588478045784],[-97.21092,33.91606],[-97.22846,33.91325],[-97.2106260755578,33.91588478045784]],[[-97.19257,33.75968],[-97.19241336284685,33.759614598002834],[-97.19251684107513,33.75979125012112],[-97.19257,33.75968]],[[-97.16069,33.7276],[-97.15924155153587,33.72699739522186],[-97.16154247879646,33.72837061376919],[-97.16069,33.7276]],[[-97.14223,33.71992],[-97.13714145804322,33.719068869923596],[-97.14730164896328,33.722029981800546],[-97.14223,33.71992]],[[-97.12549,33.71712],[-97.123487491791,33.71740453457655],[-97.12982651946108,33.717845343756935],[-97.12549,33.71712]],[[-97.11247,33.71897],[-97.10904292976748,33.72061784647544],[-97.11675635291449,33.718360955999096],[-97.11247,33.71897]],[[-97.10334,33.72336],[-97.099532401545,33.72625773077224],[-97.10530336008036,33.72241595282007],[-97.10334,33.72336]],[[-97.09564,33.72922],[-97.09270822219071,33.73372453783104],[-97.09632769095454,33.72869664039044],[-97.09564,33.72922]],[[-97.08645,33.74334],[-97.08588209785614,33.752985322125866],[-97.08724758630281,33.74211454639874],[-97.08645,33.74334]],[[-97.08519,33.76474],[-97.0951,33.79217],[-97.08528936279004,33.76305240975645],[-97.08519,33.76474]],[[-97.08812251700552,33.852125125774904],[-97.0885,33.85185],[-97.09054,33.84521],[-97.08812251700552,33.852125125774904]],[[-97.07842397868188,33.85728441829308],[-97.08271,33.85607],[-97.08649557375689,33.853310911700504],[-97.07842397868188,33.85728441829308]],[[-97.0652023062773,33.85980400326954],[-97.06704,33.86051],[-97.0722976020753,33.85902029015863],[-97.0652023062773,33.85980400326954]],[[-97.05621777198547,33.85594052802247],[-97.05655,33.85648],[-97.0590262277481,33.857431305798364],[-97.05621777198547,33.85594052802247]],[[-97.03943,33.83789],[-97.02144,33.84638],[-97.04074637182167,33.838218110588386],[-97.03943,33.83789]],[[-96.98468,33.88865],[-96.98469622371611,33.889662110289656],[-96.99709,33.87102],[-96.98468,33.88865]],[[-96.98494,33.90487],[-96.98531130489336,33.90641351317447],[-96.98489452632835,33.90203314248454],[-96.98494,33.90487]],[[-96.98956425804286,33.95319082512142],[-96.99083,33.9527],[-96.99467,33.94868],[-96.98956425804286,33.95319082512142]],[[-96.97990197754211,33.95609239550842],[-96.98134,33.95638],[-96.98393246567713,33.955374702456076],[-96.97990197754211,33.95609239550842]],[[-96.98103,33.94916],[-96.97929,33.95597],[-96.97945102941176,33.956002205882356],[-96.98103,33.94916]],[[-96.91339452388074,33.955266268300036],[-96.9163,33.9578],[-96.91674607991091,33.95787611903122],[-96.91339452388074,33.955266268300036]],[[-96.90495221471639,33.94573812450067],[-96.90739,33.95003],[-96.90854963531383,33.95104126446559],[-96.90495221471639,33.94573812450067]],[[-96.89772675988858,33.92038337897646],[-96.901,33.93878],[-96.90217561801413,33.94084975002488],[-96.89772675988858,33.92038337897646]],[[-96.89573,33.89641],[-96.89647,33.91332],[-96.89687863242207,33.91561664050029],[-96.89573,33.89641]],[[-96.87068,33.85655],[-96.86412431993361,33.85247909791628],[-96.87376279256605,33.859417772159986],[-96.87068,33.85655]],[[-96.85609,33.84749],[-96.85059,33.84721],[-96.85919782540263,33.84941987650089],[-96.85609,33.84749]],[[-96.71373,33.83133],[-96.71343140541474,33.831481487754836],[-96.76159,33.82441],[-96.71373,33.83133]],[[-96.70078,33.8379],[-96.70005230172357,33.83877150359619],[-96.70721841870629,33.834633559003834],[-96.70078,33.8379]],[[-96.6828691535731,33.887040055854285],[-96.68346,33.88422],[-96.68342749525709,33.8839511207667],[-96.6828691535731,33.887040055854285]],[[-96.67955698440439,33.89918662543699],[-96.68095,33.8962],[-96.68106010473116,33.895674480207454],[-96.67955698440439,33.89918662543699]],[[-96.66719,33.91694],[-96.67345,33.91228],[-96.67461674739647,33.90977849358197],[-96.66719,33.91694]],[[-96.62829,33.89448],[-96.65821,33.91584],[-96.65882495960976,33.91591532912815],[-96.62829,33.89448]],[[-96.59011,33.88066],[-96.58536,33.88895],[-96.5859174785719,33.890214630379056],[-96.59011,33.88066]],[[-96.61163,33.86925],[-96.61180471011357,33.869088738885736],[-96.59735,33.8751],[-96.61163,33.86925]],[[-96.6254,33.85654],[-96.62721997539701,33.85416357235516],[-96.61360812946333,33.867424144845394],[-96.6254,33.85654]],[[-96.62975,33.85086],[-96.6291557198952,33.84865870209697],[-96.62904266267437,33.85178360368036],[-96.62975,33.85086]],[[-96.62806,33.8446],[-96.62764683977012,33.84443911096087],[-96.62809578057254,33.84473253632192],[-96.62806,33.8446]],[[-95.2168715571149,33.96264160914347],[-95.21695,33.96267],[-95.22604,33.96224],[-95.2168715571149,33.96264160914347]],[[-94.87612,33.7555],[-94.87671780975519,33.753457483336454],[-94.86674,33.76183],[-94.87612,33.7555]],[[-94.87708,33.75222],[-94.87467,33.74916],[-94.87691402581605,33.75278707846186],[-94.87708,33.75222]],[[-94.86069,33.74194],[-94.84931,33.73959],[-94.86497444265929,33.744152709299],[-94.86069,33.74194]],[[-94.8283125775145,33.73506896037596],[-94.82293,33.73272],[-94.82230940137366,33.73299058100108],[-94.8283125775145,33.73506896037596]],[[-94.82043,33.73381],[-94.82077033434092,33.735597733262075],[-94.82185060065014,33.73319061811654],[-94.82043,33.73381]],[[-94.83007040845092,33.7615374187503],[-94.83088,33.75999],[-94.83053647416698,33.7594436011304],[-94.83007040845092,33.7615374187503]],[[-94.82545575332131,33.76746248332696],[-94.82727,33.76689],[-94.82813665036397,33.76523352146498],[-94.82545575332131,33.76746248332696]],[[-94.8186292941117,33.76655177559224],[-94.82071,33.76896],[-94.82216172379545,33.76850191032674],[-94.8186292941117,33.76655177559224]],[[-94.81683,33.75422],[-94.81639,33.76396],[-94.81730391240839,33.76501776899119],[-94.81683,33.75422]],[[-94.81202,33.73526],[-94.81176947520743,33.73518650495025],[-94.81702,33.74001],[-94.81202,33.73526]],[[-94.80343,33.73274],[-94.8032740017304,33.73281833303521],[-94.80789595160502,33.734050151111134],[-94.80343,33.73274]],[[-94.66181,33.67513],[-94.66213946797157,33.67497790185972],[-94.66155814045936,33.675011656360425],[-94.66181,33.67513]],[[-94.66885,33.67188],[-94.67025571389233,33.66965002659808],[-94.66345428736582,33.674370918474594],[-94.66885,33.67188]],[[-94.67105,33.66839],[-94.66972737896045,33.66663280347603],[-94.67065207916751,33.669021247138815],[-94.67105,33.66839]],[[-94.66685,33.66281],[-94.6662817490902,33.66267281956243],[-94.6670247178557,33.663042125151144],[-94.66685,33.66281]],[[-94.64008014625229,33.66363996343693],[-94.64923,33.6626],[-94.65492,33.65993],[-94.64008014625229,33.66363996343693]],[[-94.63868,33.66399],[-94.63092,33.67344],[-94.63906977719529,33.663892555701175],[-94.63868,33.66399]],[[-94.54895423088664,33.660025535610785],[-94.54964,33.66068],[-94.57057,33.65223],[-94.54895423088664,33.660025535610785]],[[-94.54302388693635,33.65290225529319],[-94.54263,33.65399],[-94.54302139329938,33.654363526558186],[-94.54302388693635,33.65290225529319]],[[-94.5458825073174,33.646055889277726],[-94.54544,33.64623],[-94.54523456231033,33.6467973297053],[-94.5458825073174,33.646055889277726]],[[-94.56997,33.62847],[-94.5694521049501,33.628275679446475],[-94.56987634248748,33.62898748739511],[-94.56997,33.62847]],[[-94.56408,33.62626],[-94.55337,33.62758],[-94.56728868167157,33.62746393658645],[-94.56408,33.62626]],[[-94.53966257241578,33.63695230003838],[-94.54186,33.6363],[-94.55337,33.62758],[-94.53966257241578,33.63695230003838]],[[-94.52444611043362,33.6409454495112],[-94.52505,33.64129],[-94.52582631726237,33.64105955246048],[-94.52444611043362,33.6409454495112]],[[-94.52774,33.6159],[-94.52720221628839,33.61604840107485],[-94.52797570331016,33.61607940582889],[-94.52774,33.6159]],[[-94.51151,33.6231],[-94.51056931767438,33.622780599267664],[-94.51183421196828,33.62364180389329],[-94.51151,33.6231]],[[-94.50453,33.62073],[-94.50415833708797,33.620883537925316],[-94.50530826410814,33.620994252999466],[-94.50453,33.62073]],[[-94.49547134757822,33.62447222623238],[-94.49891,33.62392],[-94.50297858881481,33.62137090455888],[-94.49547134757822,33.62447222623238]],[[-94.48836,33.62741],[-94.48809248805239,33.62879933624403],[-94.49000233229633,33.62673153495736],[-94.48836,33.62741]],[[-94.48774,33.63063],[-94.49167,33.63645],[-94.48785798710811,33.630017228244945],[-94.48774,33.63063]],[[-94.49167,33.63645],[-94.4859,33.6378],[-94.45758,34.63511],[-94.4859,33.63786],[-94.49167,33.63645]],[[-94.46603,33.63619],[-94.47693,33.63893],[-94.47744919127213,33.6388645946335],[-94.46603,33.63619]],[[-94.44717994767821,33.64076197514714],[-94.44834,33.64245],[-94.44856726803792,33.64250320376187],[-94.44717994767821,33.64076197514714]],[[-94.4485,33.63444],[-94.44678,33.64018],[-94.44679653285684,33.64020405742629],[-94.4485,33.63444]],[[-94.46323356476162,33.61111780183448],[-94.45304,33.61718],[-94.4530284267985,33.61736142695298],[-94.46323356476162,33.61111780183448]],[[-94.46973562880792,33.6071397615034],[-94.47214,33.60396],[-94.47163635247222,33.60278859507585],[-94.46973562880792,33.6071397615034]],[[-94.47125,33.60189],[-94.46496,33.59881],[-94.47151703532546,33.602511082161485],[-94.47125,33.60189]],[[-94.41326,33.56969],[-94.41286974131515,33.569540064102014],[-94.43065,33.59157],[-94.41326,33.56969]],[[-94.41133898518316,33.568951953435494],[-94.40959,33.56828],[-94.40358940167981,33.56847731302047],[-94.41133898518316,33.568951953435494]],[[-94.39808,33.57115],[-94.39733097805214,33.57173595967626],[-94.40207862094725,33.56921021365606],[-94.39808,33.57115]],[[-94.39397732442399,33.57435952204299],[-94.38265434343516,33.58321748714472],[-94.38613,33.58184],[-94.39397732442399,33.57435952204299]],[[-94.37993926886793,33.5802008018868],[-94.38065,33.58186],[-94.38243212576101,33.583066985174504],[-94.37993926886793,33.5802008018868]],[[-94.37879380535804,33.57244796372572],[-94.37778,33.57516],[-94.37854563643228,33.57694737424957],[-94.37879380535804,33.57244796372572]],[[-94.38514653049371,33.56660999612778],[-94.38015,33.56882],[-94.3798465620816,33.569631728439965],[-94.38514653049371,33.56660999612778]],[[-94.39555,33.56654],[-94.38743,33.5656],[-94.38705967710452,33.565763796665316],[-94.39555,33.56654]],[[-94.38679,33.54512],[-94.38166,33.54403],[-94.38797054493347,33.546119185856725],[-94.38679,33.54512]],[[-94.37026584775082,33.54576088250313],[-94.3704,33.54579],[-94.38166,33.54403],[-94.37026584775082,33.54576088250313]],[[-94.35354,33.54374],[-94.35325592933575,33.544100586472204],[-94.35435470321522,33.54384012015416],[-94.35354,33.54374]],[[-94.35239366869452,33.56203135175453],[-94.35263,33.56187],[-94.34734,33.55161],[-94.35239366869452,33.56203135175453]],[[-94.28769490568943,33.5824680183232],[-94.28787,33.58251],[-94.28818500797084,33.582304033249834],[-94.28769490568943,33.5824680183232]],[[-94.13155,33.55314],[-94.1298848950477,33.55227275783734],[-94.13183938738538,33.55458210036889],[-94.13155,33.55314]],[[-94.12675,33.55064],[-94.12253,33.55352],[-94.12793483985003,33.551257104088556],[-94.12675,33.55064]],[[-94.07262,33.57225],[-94.07260415187332,33.57235367316205],[-94.08181,33.57533],[-94.07262,33.57225]],[[-94.0730147379073,33.58415368346488],[-94.07382,33.58475],[-94.07512,33.58268],[-94.0730147379073,33.58415368346488]],[[-94.07014704439253,33.5811473934463],[-94.07039,33.58221],[-94.07165109272519,33.583143870414574],[-94.07014704439253,33.5811473934463]],[[-94.06819,33.57074],[-94.06763951210846,33.57018028605441],[-94.06923139419149,33.577142645769875],[-94.06819,33.57074]],[[-94.05692,33.56793],[-94.0664,33.56892],[-94.0568445810795,33.56756441973648],[-94.05692,33.56793]],[[-93.13832495026949,33.0178097281131],[-92.72474,33.01439],[-92.04496,33.00775],[-92.98878,33.01757],[-93.13832495026949,33.0178097281131]],[[-91.16609138279146,33.00429000544387],[-91.16609186059509,33.00430079222252],[-92.04496,33.00775],[-91.16609138279146,33.00429000544387]],[[-91.16559405405407,33.01233702702701],[-91.16618,33.01131],[-91.16616866086956,33.01103590584708],[-91.16559405405407,33.01233702702701]],[[-91.15608985184754,33.023129981261334],[-91.16076,33.02081],[-91.16159228125781,33.019351204437406],[-91.15608985184754,33.023129981261334]],[[-91.14993,33.02619],[-91.13743,33.02871],[-91.13714956231313,33.02888165251822],[-91.14993,33.02619]],[[-91.12833,33.03428],[-91.12821236122862,33.034581998039975],[-91.13442886498079,33.0305469584678],[-91.12833,33.03428]],[[-91.12029,33.05492],[-91.12104623294277,33.05647075616113],[-91.1260344403602,33.0401730784783],[-91.12029,33.05492]],[[-91.14994,33.08196],[-91.14999989537048,33.081977176261596],[-91.12503,33.06464],[-91.14994,33.08196]],[[-91.2012904993897,33.12477016858603],[-91.20181,33.12404],[-91.20173649331936,33.123367549995635],[-91.2012904993897,33.12477016858603]],[[-91.18274692153946,33.14180917456985],[-91.18322,33.1418],[-91.19239,33.13728],[-91.18274692153946,33.14180917456985]],[[-91.0511,33.25018],[-91.05081717228572,33.2509248816463],[-91.06404,33.23736],[-91.0511,33.25018]],[[-91.04427,33.27693],[-91.04501127814108,33.27777283743441],[-91.04428533971493,33.27651625380003],[-91.04427,33.27693]],[[-91.05135,33.28498],[-91.05333693221549,33.285306444766555],[-91.05007499382201,33.28353031077219],[-91.05135,33.28498]],[[-91.06541,33.28729],[-91.06584801300178,33.287169105471826],[-91.06354563749211,33.28698369293078],[-91.06541,33.28729]],[[-91.07733,33.284],[-91.07754685069008,33.28378314930991],[-91.07300235190323,33.285194459919325],[-91.07733,33.284]],[[-91.08495,33.27638],[-91.08521003958195,33.27546280259539],[-91.08048476190474,33.28084523809527],[-91.08495,33.27638]],[[-91.09056596777249,33.25657166533484],[-91.09048,33.2567],[-91.08968980727218,33.25966201077729],[-91.09056596777249,33.25657166533484]],[[-91.09921562247949,33.23896174248167],[-91.09852,33.23869],[-91.09830164521472,33.23935581238931],[-91.09921562247949,33.23896174248167]],[[-91.10934692270703,33.24503480662342],[-91.10579,33.24153],[-91.10409411475065,33.24086750837577],[-91.10934692270703,33.24503480662342]],[[-91.11514595639223,33.25558929130747],[-91.11125,33.24691],[-91.1109707160196,33.246634808092566],[-91.11514595639223,33.25558929130747]],[[-91.11786,33.26141],[-91.12806,33.26856],[-91.1178054953091,33.26129310581039],[-91.11786,33.26141]],[[-91.1413794336733,33.299748209471296],[-91.14138,33.29882],[-91.12551,33.28015],[-91.1413794336733,33.299748209471296]],[[-91.14191974624322,33.34919091537499],[-91.14222,33.34899],[-91.14094,33.33607],[-91.14191974624322,33.34919091537499]],[[-91.0789,33.40328],[-91.07876959227278,33.40341484055906],[-91.09171,33.39578],[-91.0789,33.40328]],[[-91.06625,33.41636],[-91.06590627518537,33.416893454105875],[-91.07705346733997,33.40518930017339],[-91.06625,33.41636]],[[-91.05817,33.4289],[-91.05816979772688,33.42896071564989],[-91.05876206896538,33.427981120689864],[-91.05817,33.4289]],[[-91.13104,33.61603],[-91.13267002351432,33.61889165918177],[-91.12867,33.60678],[-91.13104,33.61603]],[[-91.13685,33.62623],[-91.13966308633503,33.62823189654769],[-91.13473816317146,33.622522472349225],[-91.13685,33.62623]],[[-91.1622,33.64427],[-91.17173538396581,33.64877942047787],[-91.14845846627452,33.63449101505296],[-91.1622,33.64427]],[[-91.18066,33.653],[-91.18291377946682,33.6532481959626],[-91.17911965780796,33.65227154998177],[-91.18066,33.653]],[[-91.218666217096,33.660401691194785],[-91.21763,33.65933],[-91.20881,33.6561],[-91.218666217096,33.660401691194785]],[[-91.22888230042224,33.67184618680136],[-91.22873,33.67081],[-91.22435394817445,33.66628413739124],[-91.22888230042224,33.67184618680136]],[[-91.22960115223879,33.6838793313679],[-91.23041,33.68224],[-91.22960679480849,33.676775336107745],[-91.22960115223879,33.6838793313679]],[[-91.22433708679992,33.69290618713932],[-91.22555,33.69209],[-91.22713351953004,33.688880603421616],[-91.22433708679992,33.69290618713932]],[[-91.21432969120733,33.69930701215192],[-91.21488,33.69927],[-91.2174091472413,33.69756809960707],[-91.21432969120733,33.69930701215192]],[[-91.03612,33.68948],[-91.03876,33.69649],[-91.03936323426402,33.69726006624015],[-91.03612,33.68948]],[[-91.04516,33.70466],[-91.04581129621398,33.70511837121126],[-91.04238210109584,33.70111383843015],[-91.04516,33.70466]],[[-91.05917,33.71452],[-91.05996598249685,33.71465183460104],[-91.05470774677543,33.71137954198472],[-91.05917,33.71452]],[[-91.06877,33.71611],[-91.06904301848317,33.716008161340035],[-91.06731455418506,33.7158689417869],[-91.06877,33.71611]],[[-91.09460214007122,33.70647435006751],[-91.08912,33.70763],[-91.0705799020109,33.71543488821518],[-91.09460214007122,33.70647435006751]],[[-91.11765,33.7053],[-91.10245,33.70482],[-91.09797597698199,33.705763136135076],[-91.11765,33.7053]],[[-91.14488369130072,33.76820637027883],[-91.14496,33.76808],[-91.14467,33.76368],[-91.14488369130072,33.76820637027883]],[[-91.12825902154924,33.782636994758306],[-91.13186,33.78366],[-91.13240217131317,33.78322641481818],[-91.12825902154924,33.782636994758306]],[[-91.10866,33.77167],[-91.12042,33.78041],[-91.12176730943798,33.78079275836307],[-91.10866,33.77167]],[[-91.02902,33.76575],[-91.02422260820722,33.76493966335521],[-91.0294912281114,33.76599228511431],[-91.02902,33.76575]],[[-91.01937,33.76412],[-91.01150937270323,33.76621375604377],[-91.01981256802372,33.764194755013335],[-91.01937,33.76412]],[[-91.00033711216987,33.76918959844554],[-90.99227,33.77545],[-90.99169625557488,33.77671522253285],[-91.00033711216987,33.76918959844554]],[[-90.98881,33.78308],[-90.98889669018573,33.783369595475506],[-90.98952938943975,33.78149360074412],[-90.98881,33.78308]],[[-90.99157,33.7923],[-90.99965867194143,33.79882546792579],[-90.99087358673957,33.78997357599234],[-90.99157,33.7923]],[[-91.00047,33.79948],[-91.00079393029371,33.79956556454993],[-91.00031203169539,33.79935256040144],[-91.00047,33.79948]],[[-91.06833967965333,33.841899229982424],[-91.06793,33.84041],[-91.04908,33.81603],[-91.06833967965333,33.841899229982424]],[[-91.07298636182814,33.85990786885605],[-91.073,33.85884],[-91.07184619871983,33.85464580718077],[-91.07298636182814,33.85990786885605]],[[-91.07150313644257,33.86980670700619],[-91.0729,33.86667],[-91.07295635205183,33.862257634341276],[-91.07150313644257,33.86980670700619]],[[-91.0637985178243,33.876500992371824],[-91.07066,33.8717],[-91.07092717891054,33.87110004021429],[-91.0637985178243,33.876500992371824]],[[-91.03302,33.89982],[-91.03172263290885,33.90134220048124],[-91.03556741397246,33.89788997964635],[-91.03302,33.89982]],[[-91.01317,33.92311],[-91.01306491814104,33.92343604165827],[-91.01961761588925,33.91554501390123],[-91.01317,33.92311]],[[-91.01025,33.93217],[-91.01083003730415,33.93342568515293],[-91.01050095432902,33.931391354033934],[-91.01025,33.93217]],[[-91.01298,33.93808],[-91.01396075853008,33.938717891726874],[-91.01239788548577,33.93681981802965],[-91.01298,33.93808]],[[-91.01913,33.94208],[-91.02012467228164,33.942280278840975],[-91.01765949156342,33.94112357174856],[-91.01913,33.94208]],[[-91.08548936804338,33.95738632109957],[-91.08509,33.95671],[-91.08264441168099,33.956173813710194],[-91.08548936804338,33.95738632109957]],[[-91.09042871651758,33.98967246664967],[-91.08659213647718,34.005306305690134],[-91.09048,33.99142],[-91.09042871651758,33.98967246664967]],[[-91.07184,34.00809],[-91.05406,33.9952],[-91.04924657435612,33.99339577956244],[-91.07184,34.00809]],[[-91.04667,33.99243],[-91.03633,33.99405],[-91.04716826200077,33.99261676397051],[-91.04667,33.99243]],[[-91.00254,33.96967],[-91.0010143099619,33.96794031797911],[-91.01895,34.00323],[-91.00254,33.96967]],[[-90.99895,33.9656],[-90.99504439119873,33.96425349487042],[-90.99973385459587,33.96648865966719],[-90.99895,33.9656]],[[-90.9832,33.96017],[-90.9783099447318,33.96076612102317],[-90.98481521637372,33.9607268650736],[-90.9832,33.96017]],[[-90.97518666210483,33.961146864048175],[-90.9727,33.96145],[-90.96580602701142,33.96532670052235],[-90.97518666210483,33.961146864048175]],[[-90.96201,33.97228],[-90.96147783310485,33.97846200543192],[-90.96478002305966,33.96720606353016],[-90.96201,33.97228]],[[-90.96141,33.97925],[-90.9709,33.99178],[-90.96142003323455,33.97913344725862],[-90.96141,33.97925]],[[-90.9650720603576,34.02665436595441],[-90.96556,34.02671],[-90.98818,34.01921],[-90.9650720603576,34.02665436595441]],[[-90.91951,34.02135],[-90.91915057101518,34.021418476082566],[-90.9356126449022,34.023295453662534],[-90.91951,34.02135]],[[-90.894,34.02621],[-90.89172790114078,34.02799342127752],[-90.89677696282597,34.025680951025706],[-90.894,34.02621]],[[-90.89037983900421,34.02905154543794],[-90.88949,34.02975],[-90.88657791123435,34.038403413745385],[-90.89037983900421,34.02905154543794]],[[-90.87497,34.07166],[-90.87428547400837,34.07318729305665],[-90.888,34.05494],[-90.87497,34.07166]],[[-90.87112,34.08025],[-90.87126410389611,34.080898467532464],[-90.87182039348316,34.078687303890824],[-90.87112,34.08025]],[[-90.87661,34.09291],[-90.87879343659458,34.094189252728725],[-90.87282,34.0879],[-90.87661,34.09291]],[[-90.88313,34.09673],[-90.88595034341783,34.09706491578087],[-90.88065381509405,34.09527922908885],[-90.88313,34.09673]],[[-90.89273,34.09787],[-90.90068119695725,34.094949652969404],[-90.88959335564071,34.09749752348234],[-90.89273,34.09787]],[[-90.90997662583791,34.09363035504428],[-90.90625,34.09367],[-90.90417703730064,34.0941463452493],[-90.90997662583791,34.09363035504428]],[[-90.94564,34.10797],[-90.92129,34.09351],[-90.92006888875086,34.0935229905452],[-90.94564,34.10797]],[[-90.95643651541553,34.120024442751756],[-90.95577,34.11871],[-90.94564,34.10797],[-90.95643651541553,34.120024442751756]],[[-90.96062496832614,34.12913733376719],[-90.96079,34.12861],[-90.9599862978588,34.12702500972155],[-90.96062496832614,34.12913733376719]],[[-90.80722,34.16371],[-90.80946,34.17774],[-90.80768447957759,34.1628630078291],[-90.80722,34.16371]],[[-90.91759587138839,34.199212301099514],[-90.91443,34.19573],[-90.91063781712145,34.193917479064915],[-90.91759587138839,34.199212301099514]],[[-90.93555,34.23785],[-90.93715,34.23261],[-90.93708758523123,34.23225703372142],[-90.93555,34.23785]],[[-90.6096,34.39159],[-90.60762877217117,34.392712528358096],[-90.61132212600394,34.39143984337302],[-90.6096,34.39159]],[[-90.59801,34.39819],[-90.59664675491253,34.39946066477593],[-90.60209942469132,34.39586125082289],[-90.59801,34.39819]],[[-90.58623,34.40917],[-90.5853305673027,34.41104924612872],[-90.59093653903012,34.40478309010605],[-90.58623,34.40917]],[[-90.57974,34.42273],[-90.57769,34.43245],[-90.58328885561431,34.415315133724185],[-90.57974,34.42273]],[[-90.50833,34.72361],[-90.5,34.72167],[-90.51359666749642,34.726196784919324],[-90.50833,34.72361]],[[-90.475,34.72389],[-90.46593054135089,34.72770387607229],[-90.47922046670242,34.72351522255682],[-90.475,34.72389]],[[-90.45888703628513,34.73066580097592],[-90.44881,34.7386],[-90.44852215350537,34.73978999953268],[-90.45888703628513,34.73066580097592]],[[-90.44799,34.74199],[-90.45179,34.75423],[-90.44831256412836,34.740656472688855],[-90.44799,34.74199]],[[-90.48352999009633,34.86077224982639],[-90.4835,34.86046],[-90.46233,34.83313],[-90.48352999009633,34.86077224982639]],[[-90.48422501829637,34.873861893821875],[-90.48469,34.87285],[-90.48383524342474,34.86395047565751],[-90.48422501829637,34.873861893821875]],[[-90.47786963459124,34.88410310796],[-90.48032,34.88236],[-90.4823749448224,34.87788802625609],[-90.47786963459124,34.88410310796]],[[-90.46891199204485,34.889263875764094],[-90.47249,34.88793],[-90.47454472691608,34.88646833602521],[-90.46891199204485,34.889263875764094]],[[-90.46050363636894,34.89146264869235],[-90.46227,34.89174],[-90.46336907585425,34.89133026624221],[-90.46050363636894,34.89146264869235]],[[-90.44720732535806,34.88844379368452],[-90.44966,34.88976],[-90.45448773089034,34.890518041805144],[-90.44720732535806,34.88844379368452]],[[-90.43614359545388,34.881979704251],[-90.43656,34.88273],[-90.43924579734778,34.884171309569076],[-90.43614359545388,34.881979704251]],[[-90.42941,34.86641],[-90.43005,34.871],[-90.4355979134312,34.88099647074469],[-90.42941,34.86641]],[[-90.33053,34.85103],[-90.32415821774444,34.84747149002687],[-90.33845,34.85852],[-90.33053,34.85103]],[[-90.32027,34.8453],[-90.31570809770307,34.84461746474585],[-90.3212877626763,34.84586839962332],[-90.32027,34.8453]],[[-90.31245,34.84413],[-90.31112230944905,34.84474480445333],[-90.31300219380661,34.84421261723193],[-90.31245,34.84413]],[[-90.3069,34.8467],[-90.30546497543398,34.84906671962008],[-90.30783141454377,34.84626869632838],[-90.3069,34.8467]],[[-90.30288,34.85333],[-90.30312266516606,34.85545241473591],[-90.30348545171204,34.85233145650479],[-90.30288,34.85333]],[[-90.30355,34.85919],[-90.3052675562316,34.860940209391906],[-90.30345496924839,34.858358835515816],[-90.30355,34.85919]],[[-90.30618,34.86187],[-90.31505,34.86406],[-90.30605273667817,34.861740317223386],[-90.30618,34.86187]],[[-90.27134,34.88687],[-90.26817688455917,34.88852336301855],[-90.27194286462567,34.8867505411984],[-90.27134,34.88687]],[[-90.25635495543092,34.89470269500759],[-90.25416,34.89585],[-90.24694811875193,34.90296980959555],[-90.25635495543092,34.89470269500759]],[[-90.24173467359033,34.922064526377284],[-90.24376,34.94527],[-90.24511530363053,34.94741486125014],[-90.24173467359033,34.922064526377284]],[[-90.24594,34.94872],[-90.26831,34.95738],[-90.24550638232026,34.94803377018573],[-90.24594,34.94872]],[[-90.30823479304408,34.99537118228799],[-90.30782,34.9929],[-90.3066230792121,34.99126723364873],[-90.30823479304408,34.99537118228799]],[[-89.43495,34.99375],[-89.64428,34.99529],[-89.95344567308045,34.99490167173009],[-89.43495,34.99375]],[[-88.20006234176192,34.995640013050995],[-88.19902365167258,34.993799820201296],[-88.20296,35.00803],[-88.20006234176192,34.995640013050995]],[[-85.60517,34.98468],[-85.56237999661668,34.984351593525346],[-85.82402,34.98813],[-85.60517,34.98468]],[[-85.38497,34.98299],[-85.31101397178969,34.98439651657482],[-85.42826251421245,34.98332226316539],[-85.38497,34.98299]],[[-87.50388,30.308],[-87.50365872340426,30.307897872340426],[-87.50426,30.308900000000005],[-87.50388,30.308]],[[-87.50483730878854,30.3220209366777],[-87.50594,30.3194],[-87.5055257437119,30.311897814054497],[-87.50483730878854,30.3220209366777]],[[-87.50257,30.32741],[-87.50360043790097,30.324960798935695],[-87.49928293213041,30.32857637892147],[-87.50257,30.32741]],[[-87.49358,30.3306],[-87.49618940366972,30.329674082568808],[-87.47188,30.3318],[-87.49358,30.3306]],[[-85.0025,31.00069],[-85.24363,31.00088],[-85.00249991124994,31.0006804963482],[-85.0025,31.00069]],[[-84.98722,30.96854],[-84.99993,30.97119],[-84.98601058987937,30.967779283612828],[-84.98722,30.96854]],[[-84.98253,30.96559],[-84.98388386095742,30.966441575655523],[-84.98223850202429,30.964618340080975],[-84.98253,30.96559]],[[-84.91365504823152,30.753091286173635],[-84.91502,30.76119],[-84.91432,30.75359],[-84.91365504823152,30.753091286173635]],[[-84.89612,30.75059],[-84.91244687224669,30.75218515418502],[-84.91112,30.75119],[-84.89612,30.75059]],[[-82.20647733997154,30.417091539118065],[-82.2083629503962,30.41432430661467],[-82.20643,30.41708],[-82.20647733997154,30.417091539118065]],[[-82.20576,30.41195],[-82.20667845018478,30.412773800738258],[-82.20575711154322,30.411925750397728],[-82.20576,30.41195]],[[-82.20533,30.40834],[-82.2057494207412,30.411861183431977],[-82.2067078680203,30.406894683894794],[-82.20533,30.40834]],[[-82.20376,30.40531],[-82.20672214662194,30.40682069477719],[-82.20673,30.40678],[-82.20376,30.40531]],[[-82.20461,30.40259],[-82.20419487837837,30.401903452702697],[-82.20376,30.40531],[-82.20461,30.40259]],[[-82.19911,30.38964],[-82.193618536739,30.388105059748227],[-82.19421,30.3892],[-82.19911,30.38964]],[[-82.19179,30.38472],[-82.19194172216444,30.38500087408956],[-82.19180516952426,30.384707157089895],[-82.19179,30.38472]],[[-82.19279459915612,30.379101172058142],[-82.19342,30.38334],[-82.19282,30.37913],[-82.19279459915612,30.379101172058142]],[[-82.19010375138369,30.376365096879407],[-82.19258720930227,30.378865801033538],[-82.1903,30.37627],[-82.19010375138369,30.376365096879407]],[[-82.03719672301219,30.372014963000577],[-82.04075,30.37056],[-82.03722,30.37185],[-82.03719672301219,30.372014963000577]],[[-82.00841,30.56366],[-82.00549689291229,30.563572897130268],[-82.0054,30.5637],[-82.00841,30.56366]],[[-82.04553,30.72788],[-82.04533456681366,30.72773412109738],[-82.04193,30.73001],[-82.04553,30.72788]],[[-81.94981,30.82776],[-81.96448,30.8173],[-81.94976901034785,30.827748371356712],[-81.94981,30.82776]],[[-91.16604,33.00313],[-91.16609116471918,33.004285082296775],[-91.16897,32.99213],[-91.16604,33.00313]],[[-91.17486,32.98447],[-91.17399678189356,32.98559262320802],[-91.18698,32.97619],[-91.17486,32.98447]],[[-91.209341777662,32.941452495841766],[-91.2023,32.9497],[-91.20744,32.94439],[-91.209341777662,32.941452495841766]],[[-91.21092871851079,32.93900129166827],[-91.21403,32.93032],[-91.21362524872184,32.928537761861605],[-91.21092871851079,32.93900129166827]],[[-91.20925581802688,32.91741662760394],[-91.21274327319165,32.924654165905594],[-91.2116,32.91962],[-91.20925581802688,32.91741662760394]],[[-91.19837283117397,32.90796263846216],[-91.20239471644547,32.91096765648977],[-91.19978,32.90851],[-91.19837283117397,32.90796263846216]],[[-91.17023,32.89939],[-91.19167049931536,32.90535556061523],[-91.18163,32.90145],[-91.17023,32.89939]],[[-91.15693,32.90048],[-91.15389229951913,32.90162828259015],[-91.17023,32.89939],[-91.15693,32.90048]],[[-91.14708295910104,32.904411250469025],[-91.14838438046944,32.90371033366548],[-91.14738,32.90409],[-91.14708295910104,32.904411250469025]],[[-91.13253130514151,32.92334193686149],[-91.13575555003777,32.91666187146872],[-91.13327,32.91935],[-91.13253130514151,32.92334193686149]],[[-91.13786,32.95276],[-91.13129,32.93005],[-91.13759296060749,32.953756512854966],[-91.13786,32.95276]],[[-91.13663,32.95735],[-91.1372464935953,32.95504942633947],[-91.13072,32.96226],[-91.13663,32.95735]],[[-91.13552,32.97966],[-91.13858,32.97135],[-91.13522174394767,32.97980354109723],[-91.13552,32.97966]],[[-91.0868,32.97627],[-91.08980744739043,32.979280416242744],[-91.08036,32.96279],[-91.0868,32.97627]],[[-91.0789,32.95182],[-91.07912,32.95507],[-91.08036,32.96279],[-91.0789,32.95182]],[[-89.741,31.00359],[-89.74156436936185,31.003341748919944],[-89.73607,31.00123],[-89.741,31.00359]],[[-89.73403468853219,31.003924752383373],[-89.7355,31.00337],[-89.73607,31.00123],[-89.73403468853219,31.003924752383373]],[[-89.73167,31.00482],[-89.7327457893301,31.004412716833254],[-89.73105735138604,31.004151970720375],[-89.73167,31.00482]],[[-89.72813,31.00096],[-89.72910757758346,31.00202594617859],[-89.72879094251755,31.000849396933635],[-89.72813,31.00096]],[[-89.73072167935271,30.994675326341024],[-89.73446605979738,30.996342417072714],[-89.73423,30.9956],[-89.73072167935271,30.994675326341024]],[[-89.7277,30.99333],[-89.72795536030743,30.993443692721147],[-89.73062,30.98651],[-89.7277,30.99333]],[[-89.7305,30.97971],[-89.73051493919637,30.980556554460165],[-89.73715,30.97608],[-89.7305,30.97971]],[[-89.85189425891181,30.66207491557223],[-89.84932,30.6654],[-89.8523,30.66237],[-89.85189425891181,30.66207491557223]],[[-89.84084,30.66082],[-89.85125263571604,30.661608280520756],[-89.84966,30.66045],[-89.84084,30.66082]],[[-89.64712395234042,30.29002122042554],[-89.6470525250901,30.290851137048328],[-89.64751,30.29053],[-89.64712395234042,30.29002122042554]],[[-89.6385,30.28812],[-89.64656233187164,30.289281050096722],[-89.64578,30.28825],[-89.6385,30.28812]],[[-89.61196059541423,30.21950195266274],[-89.6145085767465,30.22210969475121],[-89.61423,30.22147],[-89.61196059541423,30.21950195266274]],[[-89.60117,30.21627],[-89.61082573608888,30.218517792814215],[-89.61054,30.21827],[-89.60117,30.21627]],[[-89.58605471020071,30.19320901965952],[-89.58878,30.20045],[-89.59693821156908,30.212314197771097],[-89.58605471020071,30.19320901965952]],[[-89.58405393659851,30.19057998521989],[-89.58524614986564,30.191789652059615],[-89.58499,30.19134],[-89.58405393659851,30.19057998521989]],[[-89.5715686382405,30.180822527056236],[-89.57264544716882,30.181317129123308],[-89.57191,30.18072],[-89.5715686382405,30.180822527056236]],[[-89.53484,30.19538],[-89.53571117532783,30.195285913064595],[-89.53453086793631,30.195083860443336],[-89.53484,30.19538]],[[-89.51576828968857,30.16380736556478],[-89.52794,30.18877],[-89.51689,30.16459],[-89.51576828968857,30.16380736556478]],[[-89.49497,30.16075],[-89.51268119105232,30.16165344964459],[-89.5112,30.16062],[-89.49497,30.16075]],[[-88.19470536288064,34.98590352069605],[-88.19233,34.98156],[-88.17254,34.9569],[-88.19470536288064,34.98590352069605]],[[-88.0982654764001,34.89234062456312],[-88.11841,34.72429],[-88.09789,34.8922],[-88.0982654764001,34.89234062456312]],[[-88.38886947075736,32.57803741334682],[-88.42785503840885,32.25672237118529],[-88.40384,32.44877],[-88.38886947075736,32.57803741334682]],[[-85.12726571428571,31.76278500000002],[-85.12523,31.76706],[-85.12587887525562,31.76763893660532],[-85.12726571428571,31.76278500000002]],[[-85.00941,31.03238],[-85.00858,31.04406],[-85.0088471815156,31.044962331880097],[-85.00941,31.03238]],[[-85.00969006315545,31.04780893215132],[-85.01139,31.05355],[-85.01217990840884,31.054216047031122],[-85.00969006315545,31.04780893215132]],[[-85.04826,31.52601],[-85.04181,31.53775],[-85.04155258797556,31.54046712692461],[-85.04826,31.52601]],[[-85.04145,31.54155],[-85.04136,31.5425],[-85.04185934861279,31.543187394451152],[-85.04145,31.54155]],[[-85.12903,31.75766],[-85.12203,31.74406],[-85.12890893510816,31.75800895174708],[-85.12903,31.75766]],[[-89.64431,35.92094],[-89.64615718189124,35.92269596303241],[-89.6425577439214,35.91173403830608],[-89.64431,35.92094]],[[-89.641,35.90355],[-89.64128873574472,35.90506695305157],[-89.64256928034037,35.89653822939332],[-89.641,35.90355]],[[-89.65327878612567,35.87963279220863],[-89.64461,35.88742],[-89.64424329473066,35.889058491965244],[-89.65327878612567,35.87963279220863]],[[-89.66069,35.87547],[-89.65715776514797,35.87745401503052],[-89.66158592714369,35.875462058663516],[-89.66069,35.87547]],[[-89.6731,35.87536],[-89.67194738846855,35.87537021654057],[-89.67392226969294,35.87596268090788],[-89.6731,35.87536]],[[-90.0725,35.13104],[-90.06675,35.13805],[-90.07506710510718,35.129172820474835],[-90.0725,35.13104]],[[-90.08453,35.12229],[-90.0768557557404,35.12787184848475],[-90.08966269404429,35.120715725420176],[-90.08453,35.12229]],[[-90.09555,35.11891],[-90.09367931609542,35.119483766932625],[-90.10145044558483,35.1195881552392],[-90.09555,35.11891]],[[-90.10747,35.12028],[-90.1064415080921,35.1201617924569],[-90.125,35.12872],[-90.10747,35.12028]],[[-90.14307345437295,35.130528460043045],[-90.13748714683487,35.13127771844459],[-90.13867,35.13152],[-90.14307345437295,35.130528460043045]],[[-90.15880527774003,35.126085898192045],[-90.15113124885589,35.1287140605925],[-90.15599,35.12762],[-90.15880527774003,35.126085898192045]],[[-90.17405,35.11428],[-90.16461074451284,35.12292238187335],[-90.1679,35.12113],[-90.17405,35.11428]],[[-90.20678,35.02601],[-90.19122,35.04021],[-90.2068261650941,35.02600819196759],[-90.20678,35.02601]],[[-90.29097748159386,35.0413200684686],[-90.26554,35.04058],[-90.29034,35.04162],[-90.29097748159386,35.0413200684686]],[[-90.29677904514921,35.038311436455736],[-90.29549802301253,35.039193178965405],[-90.29661,35.03867],[-90.29677904514921,35.038311436455736]],[[-90.30065,35.02735],[-90.29730291813011,35.037200243655136],[-90.30501075004261,35.020851075742954],[-90.30065,35.02735]],[[-90.3051,35.01379],[-90.30529482705393,35.020248516837825],[-90.30561,35.01958],[-90.3051,35.01379]],[[-90.3098583432899,35.005043689261],[-90.30970400155225,35.00759997429098],[-90.31018,35.00696],[-90.3098583432899,35.005043689261]],[[-83.69079,36.5826],[-83.67987845591662,36.595191838894706],[-83.68266,36.59311],[-83.69079,36.5826]],[[-83.99994,36.58986],[-84.27155,36.5917],[-83.69079,36.5826],[-83.99994,36.58986]],[[-86.33213,36.6487],[-86.16544,36.63776],[-86.09137048335676,36.63427683543848],[-86.33213,36.6487]],[[-85.29569505093879,36.62582690233379],[-85.28720827597876,36.62627912231363],[-85.2939,36.62635],[-85.29569505093879,36.62582690233379]],[[-85.24305115061895,36.62581141699996],[-85.02686,36.6193],[-85.18627,36.62521],[-85.24305115061895,36.62581141699996]],[[-112.15385,41.99723],[-111.50781,41.99955],[-111.04709656743688,42.00169843926112],[-112.15385,41.99723]],[[-109.05003,41.00069],[-108.52603,40.99959],[-109.23251,41.00211],[-109.05003,41.00069]],[[-106.19519,40.99758],[-105.72941,40.99682],[-106.27276679874322,40.998931906442095],[-106.19519,40.99758]],[[-104.5309958146176,41.00142669651789],[-104.62552,41.00143],[-104.85527,40.99805],[-104.5309958146176,41.00142669651789]],[[-104.0531035394175,42.999970929745984],[-104.02346141206546,43.00056411320306],[-104.05303,43.00058],[-104.05591,44.87499],[-104.0531035394175,42.999970929745984]],[[-98.05668,42.77068],[-98.03507,42.76411],[-98.0599,42.77266],[-98.05668,42.77068]],[[-98.01307,42.76222],[-98.00878607238235,42.76275645580077],[-98.01542523220094,42.76242233585726],[-98.01307,42.76222]],[[-97.99087,42.765],[-97.97761,42.76985],[-97.99661411635684,42.76428069173549],[-97.99087,42.765]],[[-97.93483,42.77688],[-97.92148,42.78827],[-97.93593491298807,42.77635203310283],[-97.93483,42.77688]],[[-97.84732679629663,42.867137804431074],[-97.85811,42.86506],[-97.87553,42.85866],[-97.84732679629663,42.867137804431074]],[[-97.82857,42.8688],[-97.84197,42.86817],[-97.84376331276701,42.86782444840735],[-97.82857,42.8688]],[[-97.44491,42.84593],[-97.44467040958386,42.846023243739616],[-97.4454543506267,42.84602603687872],[-97.44491,42.84593]],[[-97.41316682853973,42.86691801589098],[-97.41707,42.86592],[-97.41868541056557,42.864388417211025],[-97.41316682853973,42.86691801589098]],[[-97.40692010178817,42.86823920605227],[-97.40741,42.86839],[-97.40837505804232,42.86814324085253],[-97.40692010178817,42.86823920605227]],[[-97.25033,42.85561],[-97.26795,42.85258],[-97.24894138748871,42.85533472930153],[-97.25033,42.85561]],[[-97.22389356288235,42.84747749797907],[-97.23787,42.85314],[-97.24749203309358,42.85504741747521],[-97.22389356288235,42.84747749797907]],[[-97.21805736042714,42.84458975162782],[-97.21805,42.84511],[-97.21847683877297,42.845282932156756],[-97.21805736042714,42.84458975162782]],[[-96.44548,42.49063],[-96.40196,42.48644],[-96.45603849746576,42.49255241550497],[-96.44548,42.49063]],[[-96.47630682779456,42.4901033882633],[-96.47626,42.48997],[-96.47151,42.48927],[-96.47630682779456,42.4901033882633]],[[-96.49340633194717,42.51643197345891],[-96.49357,42.51563],[-96.48816,42.51128],[-96.49340633194717,42.51643197345891]],[[-96.49227068967197,42.51930074462868],[-96.49287,42.51906],[-96.4931311317799,42.51778045427844],[-96.49227068967197,42.51930074462868]],[[-96.52572,42.60928],[-96.51875,42.61645],[-96.52699657659825,42.609639982500454],[-96.52572,42.60928]],[[-96.53035133932994,42.61232553070003],[-96.52994,42.61047],[-96.52869077065446,42.610117729165594],[-96.53035133932994,42.61232553070003]],[[-96.53025162725156,42.61685184125765],[-96.53131,42.61665],[-96.53091848708513,42.61488390524529],[-96.53025162725156,42.61685184125765]],[[-96.52145,42.61768],[-96.51956028174513,42.618890777564495],[-96.52546155092024,42.61776535214724],[-96.52145,42.61768]],[[-96.51811,42.61982],[-96.51777980333254,42.621152916343284],[-96.51882232732494,42.619363598660065],[-96.51811,42.61982]],[[-96.51566,42.62971],[-96.51605865771812,42.63005697986578],[-96.5159191032952,42.62866406873893],[-96.51566,42.62971]],[[-96.50905375306223,43.217208505634495],[-96.50891,43.21716],[-96.50855,43.22112],[-96.50905375306223,43.217208505634495]],[[-96.51331,43.21877],[-96.5135919933791,43.21873981371687],[-96.51028254184104,43.21762312761507],[-96.51331,43.21877]],[[-96.52004265711064,43.21804929551254],[-96.51975,43.21778],[-96.51519945706504,43.21856774104588],[-96.52004265711064,43.21804929551254]],[[-96.52652,43.22405],[-96.52659494746605,43.22407854382217],[-96.52618592148315,43.223702168679694],[-96.52652,43.22405]],[[-96.56529,43.23037],[-96.5675761684088,43.23110919445218],[-96.55933,43.22293],[-96.56529,43.23037]],[[-96.56902,43.23719],[-96.56918,43.2327],[-96.56835796363269,43.23188464007019],[-96.56902,43.23719]],[[-96.57136367848172,43.238962285794024],[-96.56548586738268,43.24418700677096],[-96.56567,43.2442],[-96.57136367848172,43.238962285794024]],[[-96.56115,43.24378],[-96.56096074194471,43.243867693484006],[-96.56221057406243,43.24395588728263],[-96.56115,43.24378]],[[-96.54919,43.24681],[-96.54964207974403,43.24748166133399],[-96.55080686864707,43.24709946497518],[-96.54919,43.24681]],[[-96.55266,43.25815],[-96.55360969425801,43.258990479418344],[-96.55269,43.25201],[-96.55266,43.25815]],[[-96.55466,43.25992],[-96.56482,43.26023],[-96.55433999088942,43.25963679193713],[-96.55466,43.25992]],[[-96.57595,43.26782],[-96.57614093039109,43.267815990962916],[-96.56482,43.26023],[-96.57595,43.26782]],[[-96.58537616685979,43.26912048899189],[-96.58534,43.26887],[-96.58503182185011,43.268842047333344],[-96.58537616685979,43.26912048899189]],[[-96.57756,43.27921],[-96.58142,43.28796],[-96.57765553557886,43.27909084298682],[-96.57756,43.27921]],[[-96.57947,43.29569],[-96.58015780877079,43.29542403656176],[-96.57971834263782,43.294705544312635],[-96.57947,43.29569]],[[-96.5884259192956,43.29565063765942],[-96.58927,43.29527],[-96.58803,43.29238],[-96.5884259192956,43.29565063765942]],[[-96.57371,43.29903],[-96.58295,43.29812],[-96.58632721969225,43.296597044917256],[-96.57371,43.29903]],[[-96.55206,43.29285],[-96.54082,43.29553],[-96.55208042745845,43.292858369583676],[-96.55206,43.29285]],[[-96.53038,43.29982],[-96.53042538080301,43.29995166404032],[-96.53876,43.29854],[-96.53038,43.29982]],[[-96.52696,43.30523],[-96.52915,43.30908],[-96.5271120981831,43.30519921089411],[-96.52696,43.30523]],[[-96.52894968462549,43.31621436268067],[-96.52844,43.31403],[-96.52819101994336,43.31387936138126],[-96.52894968462549,43.31621436268067]],[[-96.52652,43.31586],[-96.529,43.31643],[-96.52899209390863,43.31639611675127],[-96.52652,43.31586]],[[-96.52166,43.3859],[-96.52190164048659,43.386586447974494],[-96.52461,43.38227],[-96.52166,43.3859]],[[-96.5934592538051,43.433557314686695],[-96.59344,43.43323],[-96.58805,43.43147],[-96.5934592538051,43.433557314686695]],[[-96.59706921555703,43.441000649307824],[-96.59755,43.44018],[-96.59746768113625,43.44011207106616],[-96.59706921555703,43.441000649307824]],[[-96.5965,43.44227],[-96.59944,43.44253],[-96.59654110716029,43.44217833103256],[-96.5965,43.44227]],[[-96.60301935717575,43.45078719243648],[-96.60306,43.45079],[-96.59907,43.44527],[-96.60301935717575,43.45078719243648]],[[-96.58108,43.4815],[-96.58242,43.48342],[-96.58109916193898,43.48148802791075],[-96.58108,43.4815]],[[-96.45326,43.50039],[-96.59919,43.50046],[-91.21806958071586,43.5005499890111],[-96.45326,43.50039]],[[-91.20236674424766,43.41634943312295],[-91.20314,43.41981],[-91.2056640696877,43.42234589664445],[-91.20236674424766,43.41634943312295]],[[-91.21499,43.36801],[-91.214544973043,43.367186407698455],[-91.21431387773157,43.368538315270285],[-91.21499,43.36801]],[[-91.20662,43.35252],[-91.20495718969607,43.35132779638586],[-91.21007004226684,43.358904845246514],[-91.20662,43.35252]],[[-91.20185,43.3491],[-91.18112,43.34593],[-91.20256121606883,43.34960992850218],[-91.20185,43.3491]],[[-91.13588357428645,43.32898001387035],[-91.13734,43.32976],[-91.15481,43.33483],[-91.13588357428645,43.32898001387035]],[[-91.17825,43.12498],[-91.17519,43.10377],[-91.177699321962,43.12675685446932],[-91.17825,43.12498]],[[-91.14450618953745,42.92509497277617],[-91.14431,42.92659],[-91.14988,42.94195],[-91.14450618953745,42.92509497277617]],[[-91.14561,42.90801],[-91.14503325275173,42.90710951255104],[-91.14547458517268,42.90912249639911],[-91.14561,42.90801]],[[-91.14349,42.9047],[-91.11741,42.89584],[-91.14417691969443,42.905772501975726],[-91.14349,42.9047]],[[-91.06506,42.75134],[-91.06482265561507,42.75123162356852],[-91.06509846367864,42.75185344538457],[-91.06506,42.75134]],[[-91.0563,42.74734],[-91.06017,42.75048],[-91.06397006333549,42.750842312025334],[-91.0563,42.74734]],[[-90.7188579021579,42.64018526631234],[-90.72021,42.64076],[-90.72466303260698,42.64172486890328],[-90.7188579021579,42.64018526631234]],[[-90.7077304057267,42.63488271952007],[-90.7092,42.63608],[-90.71555330058817,42.63878058553612],[-90.7077304057267,42.63488271952007]],[[-90.6933186977887,42.61230304668305],[-90.694,42.61451],[-90.70009,42.62246],[-90.6933186977887,42.61230304668305]],[[-90.63599,42.51541],[-90.63583,42.51793],[-90.63598148202128,42.518220932979496],[-90.63599,42.51541]],[[-87.01994,42.4935],[-87.15001,42.00003],[-87.01986,42.49376],[-87.1084,43.12501],[-87.01994,42.4935]],[[-95.34657,40.02827],[-95.34823527467265,40.02885692198252],[-95.33462683280794,40.01855920050738],[-95.34657,40.02827]],[[-95.36398,40.0315],[-95.34998884911845,40.029474965003985],[-95.35372,40.03079],[-95.36398,40.0315]],[[-95.38823717212496,40.027079211364494],[-95.38296,40.02711],[-95.36398,40.0315],[-95.38823717212496,40.027079211364494]],[[-95.39153,40.02706],[-95.39023967513694,40.02706752814972],[-95.39426691489363,40.028112659574475],[-95.39153,40.02706]],[[-95.40726,40.03311],[-95.4048361151871,40.03217773661042],[-95.40893982464632,40.03465715059783],[-95.40726,40.03311]],[[-95.41511,40.04034],[-95.41166233232939,40.037164632196365],[-95.41741569510012,40.04510227413316],[-95.41511,40.04034]],[[-95.42,40.05044],[-95.41887741807909,40.0481213747646],[-95.42134,40.06075],[-95.42,40.05044]],[[-95.47200565754791,40.21639158693977],[-95.48232,40.20067],[-95.47236,40.21533],[-95.47200565754791,40.21639158693977]],[[-95.47006692692698,40.2257121036602],[-95.4711186762787,40.21904892513247],[-95.4699,40.2227],[-95.47006692692698,40.2257121036602]],[[-95.4713291882042,40.23255560693579],[-95.47027800690044,40.229520924514716],[-95.47035,40.23082],[-95.4713291882042,40.23255560693579]],[[-95.47720340090089,40.24182475225224],[-95.47507897786734,40.2392020931978],[-95.47624,40.24126],[-95.47720340090089,40.24182475225224]],[[-95.49024802936215,40.24879221228053],[-95.48826508387098,40.24830918709678],[-95.489,40.24874],[-95.49024802936215,40.24879221228053]],[[-95.73284301719991,40.52533554933159],[-95.71754,40.52778],[-95.72521,40.52777],[-95.73284301719991,40.52533554933159]],[[-95.75543299990055,40.5258160513492],[-95.75274,40.52489],[-95.73991297094595,40.52420621954424],[-95.75543299990055,40.5258160513492]],[[-95.76692,40.53156],[-95.76286,40.52837],[-95.76760623503391,40.53304296553938],[-95.76692,40.53156]],[[-95.76928,40.53666],[-95.76863784578815,40.535272293864224],[-95.76850396391676,40.538255946998035],[-95.76928,40.53666]],[[-95.76376983042331,40.552274073608864],[-95.76368929508084,40.550137969524854],[-95.76337,40.5508],[-95.76376983042331,40.552274073608864]],[[-95.76844697744055,40.562237475214246],[-95.7645630783741,40.55519857810208],[-95.76503,40.55692],[-95.76844697744055,40.562237475214246]],[[-95.7747,40.57357],[-95.77371638924427,40.57178737517132],[-95.77355,40.57821],[-95.7747,40.57357]],[[-95.77355,40.57821],[-95.76565,40.58521],[-95.75027,40.59632],[-95.76853,40.5833],[-95.77355,40.57821]],[[-94.37472732388224,40.57134641942728],[-94.52222847179299,40.5710867182649],[-94.48911,40.57071],[-94.37472732388224,40.57134641942728]],[[-93.54758,40.58041],[-94.21145063024527,40.57225488269619],[-94.07214,40.57303],[-93.54758,40.58041]],[[-93.37439,40.58033],[-93.3307690734862,40.580712017658385],[-93.54758,40.58041],[-93.37439,40.58033]],[[-92.94347,40.58776],[-93.2210945322708,40.581672511044665],[-93.1837,40.582],[-92.94347,40.58776]],[[-91.94771,40.60547],[-92.66338237462973,40.59030392055712],[-92.65941,40.59034],[-91.94771,40.60547]],[[-91.52307,40.45225],[-91.52509,40.45785],[-91.52344292523544,40.450800158013244],[-91.52307,40.45225]],[[-91.53191,40.44273],[-91.53235369113747,40.4415857439086],[-91.52373471684477,40.44966574369535],[-91.53191,40.44273]],[[-91.53348526462794,40.43819846809424],[-91.53349882800609,40.438632496194835],[-91.53362,40.43832],[-91.53348526462794,40.43819846809424]],[[-91.5264874225259,40.41651588387573],[-91.52654390751384,40.41912629724687],[-91.52704,40.41821],[-91.5264874225259,40.41651588387573]],[[-91.5229308755307,40.410200924997596],[-91.52506624791647,40.412158784764486],[-91.52461,40.41076],[-91.5229308755307,40.410200924997596]],[[-91.51029,40.40726],[-91.5197204321413,40.40913198777556],[-91.5072277703117,40.40497247782248],[-91.51029,40.40726]],[[-91.48783,40.40387],[-91.48860794949934,40.40372290233638],[-91.49091,40.39298],[-91.48783,40.40387]],[[-91.48526,40.38466],[-91.4843818182089,40.384155176934456],[-91.49091,40.39298],[-91.48526,40.38466]],[[-91.47843423626787,40.382189905944315],[-91.4812778564583,40.3823708635928],[-91.48025,40.38178],[-91.47843423626787,40.382189905944315]],[[-91.46488724702864,40.37700444193347],[-91.46355,40.38555],[-91.46589,40.37837],[-91.46488724702864,40.37700444193347]],[[-91.46070946155142,40.37589992175669],[-91.46427081896262,40.376164984617446],[-91.4639,40.37566],[-91.46070946155142,40.37589992175669]],[[-91.44825697723304,40.37740925271672],[-91.45065692544453,40.376655851252856],[-91.44874,40.3768],[-91.44825697723304,40.37740925271672]],[[-91.41852436164895,40.378821695190524],[-91.41942,40.37826],[-91.42663,40.37199],[-91.41852436164895,40.378821695190524]],[[-91.44486,40.36314],[-91.4456956991381,40.362137451207595],[-91.42663,40.37199],[-91.44486,40.36314]],[[-91.46310790763226,40.340684693794515],[-91.45347379444635,40.352806437565235],[-91.46214,40.34241],[-91.46310790763226,40.340684693794515]],[[-91.47183,40.31734],[-91.46440065654507,40.33838035436474],[-91.4666,40.33446],[-91.47183,40.31734]],[[-91.49306,40.27526],[-91.49032866710012,40.28449858369583],[-91.49097,40.28336],[-91.49306,40.27526]],[[-91.50822,40.15766],[-91.51277459901902,40.180097393062184],[-91.51308,40.17854],[-91.50822,40.15766]],[[-91.51062296903433,40.12535157491379],[-91.5109563787695,40.1297291212515],[-91.51084,40.12614],[-91.51062296903433,40.12535157491379]],[[-91.43578742132593,39.84566012429352],[-91.44668,39.87164],[-91.43653,39.84708],[-91.43578742132593,39.84566012429352]],[[-91.42847,39.83763],[-91.43540387623388,39.844926752359264],[-91.4338,39.84186],[-91.42847,39.83763]],[[-90.70294,39.06454],[-90.70266219633089,39.06514270281001],[-90.71254,39.05706],[-90.70294,39.06454]],[[-90.71363,39.05398],[-90.71270411760393,39.05073715336403],[-90.71254,39.05706],[-90.71363,39.05398]],[[-90.71158,39.0468],[-90.6905419235421,39.01217758905776],[-90.71214992619832,39.048796131758024],[-90.71158,39.0468]],[[-90.58282279686644,38.86904140998704],[-90.62336,38.88715],[-90.58339,38.86903],[-90.58282279686644,38.86904140998704]],[[-90.51696,38.89882],[-90.54809885512077,38.87360493208618],[-90.54683,38.87401],[-90.51696,38.89882]],[[-90.43994,38.96738],[-90.45128,38.96773],[-90.43974168293283,38.96730973017305],[-90.43994,38.96738]],[[-89.51647,37.69254],[-89.51657230858925,37.69259327432555],[-89.51201,37.68553],[-89.51647,37.69254]],[[-89.51801095801041,37.28498795558228],[-89.51799094164673,37.28675439967583],[-89.51834,37.2855],[-89.51801095801041,37.28498795558228]],[[-89.38509427492855,37.05688387955352],[-89.37571,37.0805],[-89.38519,37.05775],[-89.38509427492855,37.05688387955352]],[[-89.38290614263873,37.045192430074664],[-89.38401297250685,37.04710025524208],[-89.38394,37.04644],[-89.38290614263873,37.045192430074664]],[[-89.3624,37.03016],[-89.38042523281219,37.042198681997746],[-89.37828,37.03961],[-89.3624,37.03016]],[[-95.3104674000179,40.00592525928216],[-95.30909397930999,40.002187832198956],[-95.30933,40.00447],[-95.3104674000179,40.00592525928216]],[[-102.04163247381906,37.69291570218138],[-102.04163,37.6967],[-102.04193709141664,37.7273952798997],[-102.04163247381906,37.69291570218138]],[[-102.0445468011643,38.022787571015805],[-102.04535,38.8569],[-102.04471,38.04126],[-102.0445468011643,38.022787571015805]],[[-102.05167623347543,39.99164214160896],[-102.05167,39.84769],[-102.04535,38.8569],[-102.05167623347543,39.99164214160896]],[[-95.3077327826087,39.99176556521737],[-95.30766,39.99069],[-95.30656297117518,39.98942594235035],[-95.3077327826087,39.99176556521737]],[[-95.30438188562009,39.98691277422014],[-95.30234,39.98456],[-95.29827268473225,39.98265983052515],[-95.30438188562009,39.98691277422014]],[[-95.20193551231922,39.90471056487508],[-95.20175,39.90438],[-95.19877337976044,39.903258457074344],[-95.20193551231922,39.90471056487508]],[[-95.19241891492453,39.90086419629887],[-95.19124,39.90042],[-95.18122,39.9],[-95.19241891492453,39.90086419629887]],[[-95.13770976387612,39.87929876190776],[-95.13709,39.87835],[-95.13597276320975,39.877861653664134],[-95.13770976387612,39.87929876190776]],[[-95.11085,39.87099],[-95.12453,39.87286],[-95.10931094902743,39.870493447193894],[-95.11085,39.87099]],[[-95.10724881356118,39.869828128649814],[-95.09016,39.86314],[-95.08477332859468,39.862576734558544],[-95.10724881356118,39.869828128649814]],[[-95.07772255120366,39.86183945935816],[-95.07505,39.86156],[-95.05956321479101,39.863256542299276],[-95.07772255120366,39.86183945935816]],[[-95.03807241095957,39.86561081126172],[-95.03525,39.86592],[-95.02675,39.87227],[-95.03807241095957,39.86561081126172]],[[-95.02595,39.88675],[-95.02543583714511,39.88281114527245],[-95.02452378814309,39.890126860360766],[-95.02595,39.88675]],[[-95.02372,39.89203],[-95.02379708552905,39.89184748359039],[-95.02239170794691,39.89338220565797],[-95.02372,39.89203]],[[-95.01761,39.89825],[-95.01821539639946,39.897633704483695],[-95.01597720379493,39.89875878525816],[-95.01761,39.89825]],[[-95.00994,39.90064],[-95.01124790069863,39.9002324533677],[-95.0081514328358,39.90030229850746],[-95.00994,39.90064]],[[-94.95518,39.90129],[-94.95744430584668,39.90093700125289],[-94.95313211458772,39.90063974916422],[-94.95518,39.90129]],[[-94.94,39.89647],[-94.94706128166968,39.89871211973965],[-94.93758830501508,39.89486710516247],[-94.94,39.89647]],[[-94.92783,39.87782],[-94.92736,39.88397],[-94.92832961192887,39.877305009894364],[-94.92783,39.87782]],[[-94.94204261987858,39.86259174593177],[-94.94238,39.86225],[-94.94241366598779,39.86132507128309],[-94.94204261987858,39.86259174593177]],[[-94.9425247798092,39.85827236524205],[-94.94257,39.85703],[-94.94104273639468,39.85422814507699],[-94.9425247798092,39.85827236524205]],[[-94.9402440728289,39.85276294978537],[-94.93985,39.85204],[-94.91677,39.83581],[-94.9402440728289,39.85276294978537]],[[-94.89148,39.83464],[-94.89776595065929,39.834259289663976],[-94.88793713329092,39.83345726855727],[-94.89148,39.83464]],[[-94.88602661831796,39.832819472581335],[-94.8771552668277,39.82306459218248],[-94.87733,39.82447],[-94.88602661831796,39.832819472581335]],[[-94.87594,39.81329],[-94.87657571393149,39.81840315234102],[-94.8764154844145,39.810576941870266],[-94.87594,39.81329]],[[-94.87764,39.80359],[-94.87741174103238,39.8048924188153],[-94.8794087365815,39.80117028761532],[-94.87764,39.80359]],[[-94.88465,39.794],[-94.88390524716084,39.79501885588123],[-94.8900777519994,39.792033792065865],[-94.88465,39.794]],[[-94.89318,39.79091],[-94.89283964623377,39.79103329345107],[-94.92823,39.78894],[-94.89318,39.79091]],[[-95.11316062397279,39.55759250164612],[-95.11349,39.55683],[-95.11156880855523,39.550158559541444],[-95.11316062397279,39.55759250164612]],[[-95.10959094875105,39.543290335161736],[-95.1093,39.54228],[-95.10753345826625,39.53993712402559],[-95.10959094875105,39.543290335161736]],[[-95.10263194520546,39.533436492328754],[-95.1013,39.53167],[-95.0919889120581,39.52417705349054],[-95.10263194520546,39.533436492328754]],[[-95.08652853088392,39.51978290059298],[-95.08271,39.51671],[-95.07204471646668,39.51204479267914],[-95.08652853088392,39.51978290059298]],[[-94.58866,39.15116],[-94.59385,39.15683],[-94.58876454833597,39.15032361331221],[-94.58866,39.15116]],[[-94.61247,38.22104],[-94.61765,37.76124],[-94.61765755654385,37.742657483653865],[-94.61247,38.22104]],[[-91.397,40.38313],[-91.41301,40.38228],[-91.4136892073634,40.381854038439805],[-91.397,40.38313]],[[-91.38922020867538,40.38513572745088],[-91.3842,40.38643],[-91.37887820005588,40.38987757357982],[-91.38922020867538,40.38513572745088]],[[-91.37665122142333,40.39132025702846],[-91.37571,40.39193],[-91.37292,40.39911],[-91.37665122142333,40.39132025702846]],[[-91.38137692821644,40.44405757101013],[-91.37814,40.45639],[-91.38147,40.44604],[-91.38137692821644,40.44405757101013]],[[-91.36646,40.47887],[-91.36391,40.49012],[-91.36410051788482,40.49641979139152],[-91.36646,40.47887]],[[-91.3641750461477,40.49888419261724],[-91.36421,40.50004],[-91.36906,40.51253],[-91.3641750461477,40.49888419261724]],[[-91.38301589571803,40.52914716865715],[-91.38453,40.53095],[-91.38628019447118,40.53168081116765],[-91.38301589571803,40.52914716865715]],[[-91.40625636055985,40.545726893596886],[-91.4063328387904,40.54983422444967],[-91.40685,40.54756],[-91.40625636055985,40.545726893596886]],[[-91.40560896749327,40.5530174597191],[-91.40148,40.55946],[-91.40524,40.55464],[-91.40560896749327,40.5530174597191]],[[-90.9985,40.90812],[-90.969,40.91913],[-90.96740612768149,40.920788221200944],[-90.9985,40.90812]],[[-90.96442710683452,40.92388751307588],[-90.96256,40.92583],[-90.9615075253086,40.93110740880968],[-90.96442710683452,40.92388751307588]],[[-91.05158,41.38528],[-91.04833295810192,41.40673190370739],[-91.05007,41.4015],[-91.05158,41.38528]],[[-91.04644475402037,41.41241910212524],[-91.04301773374222,41.41559912995091],[-91.04589,41.41409],[-91.04644475402037,41.41241910212524]],[[-90.60214,41.50603],[-90.59320837209304,41.51150162790697],[-90.59524,41.51103],[-90.60214,41.50603]],[[-90.31128729724506,41.74129768777186],[-90.30703678577432,41.745660623757594],[-90.30997,41.74342],[-90.31128729724506,41.74129768777186]],[[-90.21982333397821,41.7938620686428],[-90.18797,41.80316],[-90.21689,41.79533],[-90.21982333397821,41.7938620686428]],[[-90.18197,41.80707],[-90.18147867740277,41.80888383003944],[-90.18797,41.80316],[-90.18197,41.80707]],[[-90.18101385073949,41.81059984426248],[-90.18064,41.81198],[-90.18129689876807,41.816140358864466],[-90.18101385073949,41.81059984426248]],[[-90.16341,42.08761],[-90.1615,42.09891],[-90.16143068735846,42.10411306895781],[-90.16341,42.08761]],[[-90.16138286017221,42.10770329640602],[-90.16135,42.11017],[-90.1622673925832,42.112995152159655],[-90.16138286017221,42.10770329640602]],[[-90.16387331698998,42.11794066936687],[-90.16399,42.1183],[-90.16509188741722,42.11945337748344],[-90.16387331698998,42.11794066936687]],[[-90.16938359932091,42.12394563667235],[-90.17041,42.12502],[-90.170759096627,42.125033239193435],[-90.16938359932091,42.12394563667235]],[[-90.35696,42.20545],[-90.3879496577691,42.22361728985468],[-90.37513,42.21481],[-90.35696,42.20545]],[[-90.39152817357513,42.22607578184572],[-90.40065,42.23929],[-90.39315,42.22719],[-90.39152817357513,42.22607578184572]],[[-90.62433,42.4589],[-90.64617781648624,42.471193723808234],[-90.64607,42.47109],[-90.62433,42.4589]],[[-90.64896781250009,42.47387781250009],[-90.65453597690086,42.47944597690087],[-90.6545,42.4792],[-90.64896781250009,42.47387781250009]],[[-90.65604722429795,42.4897784942169],[-90.64797015273408,42.50121567413863],[-90.65628,42.49137],[-90.65604722429795,42.4897784942169]],[[-87.88785,38.2853],[-87.88744364541662,38.28631876840582],[-87.8927613265821,38.2825460348775],[-87.88785,38.2853]],[[-87.86889,38.31228],[-87.86947084617907,38.31196081119493],[-87.8663788265598,38.31121123068116],[-87.86889,38.31228]],[[-87.86311,38.30982],[-87.86387162464621,38.31014415166603],[-87.86045,38.30537],[-87.86311,38.30982]],[[-87.84285106133878,38.279181981727376],[-87.84098,38.2801],[-87.84034111251873,38.281223118267825],[-87.84285106133878,38.279181981727376]],[[-87.8354364164572,38.28984522138654],[-87.83152,38.29673],[-87.83157561315076,38.298033201499685],[-87.8354364164572,38.28984522138654]],[[-87.83334,38.31565],[-87.83191206190672,38.305917317347415],[-87.83272,38.32485],[-87.83334,38.31565]],[[-88.0327162294574,37.807603008173345],[-88.03546,37.80952],[-88.0365587921671,37.80937157229229],[-88.0327162294574,37.807603008173345]],[[-88.09004,37.81677],[-88.07703,37.80499],[-88.09088794317937,37.818799181943696],[-88.09004,37.81677]],[[-88.09117881991656,37.81949526847086],[-88.09021563677764,37.82493097157663],[-88.09177,37.82091],[-88.09117881991656,37.81949526847086]],[[-88.01014,38.08438],[-88.00264,38.08449],[-88.01031969323887,38.08466553584546],[-88.01014,38.08438]],[[-88.01615,38.09393],[-88.01514814719226,38.09233803755177],[-88.01613383491919,38.09434396663443],[-88.01615,38.09393]],[[-88.01592,38.09982],[-88.01597036097101,38.09853032122059],[-88.01536555636365,38.100554637818156],[-88.01592,38.09982]],[[-88.01312,38.10353],[-88.01428345286335,38.10198842495605],[-88.01111190919364,38.10420789911114],[-88.01312,38.10353]],[[-87.98307,38.10714],[-87.97606,38.10956],[-87.97590758920656,38.10982244728558],[-87.98307,38.10714]],[[-87.97383,38.1134],[-87.97305595463598,38.12426461263957],[-87.9752169722324,38.11101167113345],[-87.97383,38.1134]],[[-87.96987,38.13026],[-87.97209709478336,38.12606901254405],[-87.96639,38.13251],[-87.96987,38.13026]],[[-87.9605767295519,38.23713071132483],[-87.96023,38.23712],[-87.95966000191974,38.237878301017474],[-87.9605767295519,38.23713071132483]],[[-87.95821390949574,38.23980212040298],[-87.95799,38.2401],[-87.95761,38.25005],[-87.95821390949574,38.23980212040298]],[[-87.91911640122511,38.27508039816233],[-87.91947,38.27455],[-87.91866001562362,38.27289940158593],[-87.91911640122511,38.27508039816233]],[[-87.91745130067096,38.270436263972336],[-87.91709,38.2697],[-87.91582714617803,38.26941191713387],[-87.91745130067096,38.270436263972336]],[[-87.91236633758209,38.26862243568945],[-87.91012,38.26811],[-87.90887196479024,38.269259531281335],[-87.91236633758209,38.26862243568945]],[[-96.22361,42.02265],[-96.22173,42.02621],[-96.22227135025308,42.02805939751533],[-96.22361,42.02265]],[[-96.24083,42.00931],[-96.24101487697452,42.008545444253784],[-96.24037888435628,42.00965947053933],[-96.24083,42.00931]],[[-96.24238,42.0029],[-96.24200044365827,42.002093158674754],[-96.24195828077605,42.00464401304872],[-96.24238,42.0029]],[[-96.24071,41.99935],[-96.23799047932894,41.997645578190536],[-96.24108908624763,42.000155842023396],[-96.24071,41.99935]],[[-96.2261033924194,41.99482916292955],[-96.23590775876481,41.99634026200364],[-96.22717,41.99433],[-96.2261033924194,41.99482916292955]],[[-96.22264,41.99645],[-96.21523,42.0067],[-96.22488990069614,41.995397066340885],[-96.22264,41.99645]],[[-96.16035999343707,41.979792319895],[-96.16334,41.97984],[-96.1772,41.97631],[-96.16035999343707,41.979792319895]],[[-96.149462344724,41.979272868467625],[-96.15209,41.97966],[-96.15290936770229,41.97967310988324],[-96.149462344724,41.979272868467625]],[[-96.13844364344496,41.97654211266951],[-96.14123,41.97806],[-96.14203700854328,41.9781788962863],[-96.13844364344496,41.97654211266951]],[[-96.12946545057511,41.97094223308225],[-96.1295,41.97167],[-96.12990879706415,41.97189269507587],[-96.12946545057511,41.97094223308225]],[[-96.1298166857926,41.963712127528225],[-96.12919,41.96514],[-96.12928722290087,41.96718795336371],[-96.1298166857926,41.963712127528225]],[[-96.13403630292915,41.95482730563369],[-96.13332,41.95573],[-96.1319665181939,41.95881384111266],[-96.13403630292915,41.95482730563369]],[[-96.1426,41.94591],[-96.14458,41.94154],[-96.13773094982935,41.950171263048105],[-96.1426,41.94591]],[[-96.07349989676464,41.806121643803095],[-96.07535,41.80772],[-96.07586674346194,41.807864772230644],[-96.07349989676464,41.806121643803095]],[[-96.0668929179496,41.7994053791005],[-96.06756,41.80099],[-96.06867334017446,41.80195184587601],[-96.0668929179496,41.7994053791005]],[[-96.06638,41.78898],[-96.06479,41.79441],[-96.06547517845739,41.79603760803236],[-96.06638,41.78898]],[[-96.08736,41.75218],[-96.08121,41.75708],[-96.08105817164876,41.75739093998132],[-96.08736,41.75218]],[[-96.10638,41.73776],[-96.10533,41.7315],[-96.1063214137808,41.73786643163155],[-96.10638,41.73776]],[[-96.09444,41.53946],[-96.09012,41.5317],[-96.09482926081353,41.54056171523826],[-96.09444,41.53946]],[[-96.01655135918789,41.5447901829676],[-96.01915,41.54514],[-96.02109179179773,41.5439066648635],[-96.01655135918789,41.5447901829676]],[[-95.99336770462477,41.51328326588466],[-95.99278,41.5146],[-95.99380642728444,41.518151809574],[-95.99336770462477,41.51328326588466]],[[-96.00065,41.50254],[-95.99619,41.50696],[-95.99455867709679,41.51061492873329],[-96.00065,41.50254]],[[-95.92586860752743,41.45964385478448],[-95.92708,41.46081],[-95.93634,41.4653],[-95.92586860752743,41.45964385478448]],[[-95.92070160349853,41.45359341107871],[-95.92119,41.45514],[-95.92318547839653,41.4570609443987],[-95.92070160349853,41.45359341107871]],[[-95.92085,41.44345],[-95.9200819245283,41.45163109433963],[-95.92085900800092,41.44344045589844],[-95.92085,41.44345]],[[-95.93675,41.39787],[-95.93699674544402,41.3961807427294],[-95.92968,41.41107],[-95.93675,41.39787]],[[-95.93779,41.39075],[-95.93686330738176,41.38902836142489],[-95.93744815591094,41.393090317225166],[-95.93779,41.39075]],[[-95.95427,41.35351],[-95.95491230109059,41.35251206239952],[-95.95411633242291,41.35356083872579],[-95.95427,41.35351]],[[-95.95725,41.34888],[-95.95713305277862,41.34846352469119],[-95.9571314248532,41.34906422917104],[-95.95725,41.34888]],[[-95.95529,41.3419],[-95.95418870848707,41.34079870848707],[-95.95572775406353,41.343458940491544],[-95.95529,41.3419]],[[-95.92519,41.32135],[-95.91509,41.31992],[-95.92551941212847,41.32153199479825],[-95.92519,41.32135]],[[-95.8928211362511,41.319807883289],[-95.89728,41.32123],[-95.89849513286113,41.32114062189511],[-95.8928211362511,41.319807883289]],[[-95.88088963236316,41.31462195543826],[-95.88292,41.31665],[-95.8841198655628,41.31703268692741],[-95.88088963236316,41.31462195543826]],[[-95.87329188395728,41.304639229223795],[-95.87418,41.30792],[-95.87570749044286,41.309445742742135],[-95.87329188395728,41.304639229223795]],[[-95.87164320331966,41.294463407533264],[-95.87114,41.29669],[-95.8717855600858,41.299074749922234],[-95.87164320331966,41.294463407533264]],[[-95.87511912844037,41.28720100917431],[-95.87267,41.28992],[-95.87227602354729,41.29166328142803],[-95.87511912844037,41.28720100917431]],[[-95.87904582913612,41.283949593238184],[-95.87748,41.28458],[-95.87688419032762,41.28524146021841],[-95.87904582913612,41.283949593238184]],[[-95.92612,41.21162],[-95.92624339502022,41.21084961487378],[-95.91427,41.22386],[-95.92612,41.21162]],[[-95.92797,41.20007],[-95.92720176007171,41.1983404546117],[-95.9268701335739,41.20693673363318],[-95.92797,41.20007]],[[-95.92415,41.19147],[-95.92344435497688,41.190926046987165],[-95.9250983058265,41.19360492934761],[-95.92415,41.19147]],[[-95.86678749271319,41.18795377353647],[-95.87813,41.18794],[-95.90051,41.18461],[-95.86678749271319,41.18795377353647]],[[-95.85913005316581,41.18715118898019],[-95.86166,41.18796],[-95.86256284053155,41.18795890365448],[-95.85913005316581,41.18715118898019]],[[-95.84466755968717,41.17974309080692],[-95.84724,41.18335],[-95.84917355116363,41.18396814638449],[-95.84466755968717,41.17974309080692]],[[-95.84208513443537,41.173190422226675],[-95.84162,41.17547],[-95.84216044059843,41.176227770803486],[-95.84208513443537,41.173190422226675]],[[-95.84550213411981,41.168013418749695],[-95.84273,41.17003],[-95.84255931309123,41.170866519624965],[-95.84550213411981,41.168013418749695]],[[-95.85345,41.16552],[-95.84794,41.16624],[-95.84758901029504,41.16649532648403],[-95.85345,41.16552]],[[-95.87111,41.16763],[-95.87217096939992,41.16699951978153],[-95.87004481265139,41.16750273242891],[-95.87111,41.16763]],[[-95.87737,41.16391],[-95.87794925450014,41.16301030684021],[-95.87579576769205,41.164845486291625],[-95.87737,41.16391]],[[-95.83186045889815,40.97941499937818],[-95.83543,40.98418],[-95.8375728174174,40.98513988499945],[-95.83186045889815,40.97941499937818]],[[-95.82911197781516,40.975036582166595],[-95.82907,40.97569],[-95.82945597988532,40.97620524673371],[-95.82911197781516,40.975036582166595]],[[-95.83491,40.91957],[-95.83405232462519,40.91887795043751],[-95.83510015678495,40.92009007683833],[-95.83491,40.91957]],[[-95.80965397595217,40.893817928393894],[-95.80977,40.89545],[-95.8143,40.90294],[-95.80965397595217,40.893817928393894]],[[-95.80997093270692,40.89034755198069],[-95.80947,40.89123],[-95.8095542596739,40.8924152527461],[-95.80997093270692,40.89034755198069]],[[-95.84079,40.87124],[-95.84149150859498,40.87054751080124],[-95.82499,40.875],[-95.84079,40.87124]],[[-95.84779,40.86433],[-95.8476600864972,40.86247095607261],[-95.84391158676745,40.86815854791956],[-95.84779,40.86433]],[[-95.84662,40.76862],[-95.83523,40.77915],[-95.83516602339954,40.77992763107319],[-95.84662,40.76862]],[[-95.88153,40.75061],[-95.88350511564819,40.74666527809177],[-95.87981878337959,40.7519493418397],[-95.88153,40.75061]],[[-95.8887,40.73629],[-95.88832170717728,40.73457356689395],[-95.88737655093394,40.738933206502935],[-95.8887,40.73629]],[[-95.88535,40.72109],[-95.88318,40.71758],[-95.88627802116767,40.72530072291001],[-95.88535,40.72109]],[[-95.8563738697374,40.705484585594824],[-95.85938,40.70806],[-95.86107421641792,40.70873768656717],[-95.8563738697374,40.705484585594824]],[[-95.85024693324937,40.69819027392947],[-95.85261,40.70226],[-95.85389761649098,40.703363127865245],[-95.85024693324937,40.69819027392947]],[[-95.84640694235588,40.684909348370894],[-95.84793,40.6942],[-95.8485278466023,40.69522962470395],[-95.84640694235588,40.684909348370894]],[[-95.84577,40.68181],[-95.84413084850317,40.67960546001585],[-95.84588835453742,40.68238591073876],[-95.84577,40.68181]],[[-95.84232,40.67717],[-95.82291,40.66724],[-95.84241938383903,40.67730366406177],[-95.84232,40.67717]],[[-95.7848680977868,40.655635501679534],[-95.78657,40.65725],[-95.79549,40.66238],[-95.7848680977868,40.655635501679534]],[[-95.771884420571,40.64029938496096],[-95.77625,40.64746],[-95.78264794333603,40.65352936678873],[-95.771884420571,40.64029938496096]],[[-95.76893,40.62126],[-95.77133,40.63939],[-95.77143987358107,40.63957021947137],[-95.76893,40.62126]],[[-95.7505422066231,40.60748587114312],[-95.75127,40.60906],[-95.76893,40.62126],[-95.7505422066231,40.60748587114312]],[[-95.74882201769442,40.60252689976114],[-95.74863,40.60335],[-95.74925440147263,40.60470050470026],[-95.74882201769442,40.60252689976114]],[[-96.35036,42.1769],[-96.35006933059569,42.17543509226354],[-96.35021917460409,42.17730555885118],[-96.35036,42.1769]],[[-96.3486,42.16803],[-96.34397188235292,42.16251717647056],[-96.34890763450785,42.169580408002616],[-96.3486,42.16803]],[[-96.34023,42.15806],[-96.32074,42.14793],[-96.34069154837447,42.15860977745441],[-96.34023,42.15806]],[[-96.27439,42.04924],[-96.27337126620364,42.04802653193925],[-96.27804,42.05841],[-96.27439,42.04924]],[[-96.26806,42.0417],[-96.26755946213383,42.0415266178113],[-96.26921956189065,42.04308121590134],[-96.26806,42.0417]],[[-96.25836,42.03834],[-96.25832235449744,42.038350709214946],[-96.25921629462758,42.03863661339677],[-96.25836,42.03834]],[[-96.22826,42.0383],[-96.2288235200632,42.038522636615134],[-96.22698,42.03735],[-96.22826,42.0383]],[[-96.24683,42.04162],[-96.23155719874583,42.03960266376679],[-96.23436,42.04071],[-96.24683,42.04162]],[[-96.22334914110674,42.03174141985748],[-96.22382,42.03335],[-96.22482019705578,42.033955828546716],[-96.22334914110674,42.03174141985748]],[[-111.04356717710593,42.741804020015365],[-111.04723,42.4691],[-111.04355,42.7195],[-111.04356717710593,42.741804020015365]],[[-111.04631538080577,43.80393452729521],[-111.04360460135021,42.79039841636547],[-111.04393,43.21292],[-111.04631538080577,43.80393452729521]],[[-111.04723900660157,43.987046265692896],[-111.04689198064665,43.94679594446183],[-111.04704,43.98347],[-111.04723900660157,43.987046265692896]],[[-96.5699065075342,45.91191504600375],[-96.56997203064596,45.91303985942224],[-96.57019,45.91204],[-96.5699065075342,45.91191504600375]],[[-96.56754,45.91205],[-96.56924013817853,45.91162133268148],[-96.56445,45.90951],[-96.56754,45.91205]],[[-96.57452,45.84404],[-96.57449427528114,45.84435226950394],[-96.57511524080434,45.84215850199896],[-96.57452,45.84404]],[[-96.58117,45.82302],[-96.58088017613143,45.823936104919895],[-96.5823155018384,45.82156453884063],[-96.58117,45.82302]],[[-96.58542,45.81762],[-96.58443070056394,45.818876992224645],[-96.5967,45.8118],[-96.58542,45.81762]],[[-91.21785708822331,43.50406997334423],[-91.21735,43.51247],[-91.2182353893015,43.51312310949117],[-91.21785708822331,43.50406997334423]],[[-91.2687288626447,43.61622464918435],[-91.26846,43.62735],[-91.26898,43.61658],[-91.2687288626447,43.61622464918435]],[[-91.40655577015056,43.96472844151656],[-91.41249,43.97341],[-91.40739,43.96515],[-91.40655577015056,43.96472844151656]],[[-91.42413,43.98263],[-91.4312,43.99544],[-91.4319016811762,43.9959231675593],[-91.42413,43.98263]],[[-91.4369849372385,43.999423424525276],[-91.43926,44.00099],[-91.44013186083679,44.001279302544766],[-91.4369849372385,43.999423424525276]],[[-91.46352,44.00904],[-91.48044775653496,44.008171659751234],[-91.47976,44.00798],[-91.46352,44.00904]],[[-91.48519256812101,44.009493914592866],[-91.4919681458867,44.01160048586704],[-91.49092,44.01109],[-91.48519256812101,44.009493914592866]],[[-92.15153916706332,46.71587526891956],[-92.14869,46.71514],[-92.14692773671003,46.71579350597003],[-92.15153916706332,46.71587526891956]],[[-92.14667710572535,46.71588644829352],[-92.14629,46.71603],[-92.14152,46.72529],[-92.14667710572535,46.71588644829352]],[[-75.3416931723511,41.99281500888287],[-75.33957120814567,41.98976668180928],[-75.34064,41.99242],[-75.3416931723511,41.99281500888287]],[[-75.33787347734568,41.98555199772801],[-75.33982297336242,41.978558719633575],[-75.33749,41.9846],[-75.33787347734568,41.98555199772801]],[[-75.34149920885908,41.97254568812224],[-75.34159,41.97222],[-75.32797,41.96794],[-75.34149920885908,41.97254568812224]],[[-75.31964,41.96031],[-75.31793,41.95387],[-75.31781429501312,41.95379104251969],[-75.31964,41.96031]],[[-75.30206940145054,41.94818617142935],[-75.30133,41.94811],[-75.30131857171676,41.948445229641585],[-75.30206940145054,41.94818617142935]],[[-75.30084120560726,41.953427859848915],[-75.29332,41.95435],[-75.30084,41.95363],[-75.30084120560726,41.953427859848915]],[[-74.98564,41.48586],[-74.98282,41.48051],[-74.982607305122,41.48047600687798],[-74.98564,41.48586]],[[-74.96938832937195,41.47836333608913],[-74.95823,41.47658],[-74.95793997694719,41.47671349368381],[-74.96938832937195,41.47836333608913]],[[-74.95006549450804,41.48033801131694],[-74.9429188833114,41.483627499673716],[-74.94341,41.48368],[-74.95006549450804,41.48033801131694]],[[-74.74124569041899,41.40811190502526],[-74.74176,41.40695],[-74.74134555257393,41.40631116487659],[-74.74124569041899,41.40811190502526]],[[-74.73929949912124,41.40315734915052],[-74.73681,41.39932],[-74.73566472917109,41.398732643880805],[-74.73929949912124,41.40315734915052]],[[-74.73173807278097,41.396718844523924],[-74.72903,41.39533],[-74.71636,41.39302],[-74.73173807278097,41.396718844523924]],[[-74.69248707853906,41.36817004237965],[-74.69112818056912,41.36654403915766],[-74.69138,41.36742],[-74.69248707853906,41.36817004237965]],[[-74.68997208627228,41.36252253322934],[-74.68995248579199,41.361606210775506],[-74.68975,41.36175],[-74.68997208627228,41.36252253322934]],[[-74.14311,40.64199],[-74.18165,40.64653],[-74.18321362142656,40.64580894349348],[-74.14311,40.64199]],[[-74.18900628338106,40.64313768527111],[-74.19143,40.64202],[-74.2024,40.63159],[-74.18900628338106,40.64313768527111]],[[-82.57343,38.40569],[-82.57226249972325,38.40562193783087],[-82.57652624534055,38.4072894917374],[-82.57343,38.40569]],[[-82.54101,38.4038],[-82.539374341732,38.40411113855053],[-82.55245055079322,38.404466953763084],[-82.54101,38.4038]],[[-82.51851,38.40808],[-82.48030274226733,38.418594309155154],[-82.53410631763946,38.40511323380014],[-82.51851,38.40808]],[[-82.20517,38.59172],[-82.20409568636077,38.59193355258926],[-82.22147,38.59128],[-82.20517,38.59172]],[[-82.17727,38.60378],[-82.17631050937048,38.605792590100926],[-82.1790185170153,38.6024420043709],[-82.17727,38.60378]],[[-82.17317,38.61238],[-82.17296949804796,38.61534742889015],[-82.1746717320428,38.609230025471206],[-82.17317,38.61238]],[[-82.17217,38.62718],[-82.17244063209077,38.62803111831446],[-82.17232012406949,38.62495816377162],[-82.17217,38.62718]],[[-80.66780770198729,40.58312329369328],[-80.66791,40.58294],[-80.66780105968046,40.58191882205508],[-80.66780770198729,40.58312329369328]],[[-80.62676826277591,40.62001522851222],[-80.62717,40.61994],[-80.63435,40.61609],[-80.62676826277591,40.62001522851222]],[[-75.78860001206263,39.72217079637095],[-75.7887,39.65049],[-75.78862997769794,39.64962399329043],[-75.78860001206263,39.72217079637095]],[[-80.29317168802503,36.54403615229712],[-80.29417663857535,36.54404429850041],[-80.29408,36.54404],[-80.29317168802503,36.54403615229712]],[[-78.5109,36.54105],[-79.9181145815345,36.542447371843615],[-79.54339,36.54086],[-78.5109,36.54105]],[[-76.91644497343675,36.54476158963609],[-76.91650995875531,36.543880559169786],[-76.91598,36.54388],[-76.91644497343675,36.54476158963609]],[[-81.40838,35.16722],[-81.54577967106584,35.17195798737166],[-81.14751,35.15596],[-81.40838,35.16722]],[[-82.37819608071308,35.19653418827041],[-82.37812,35.19657],[-82.38393,35.21085],[-82.37819608071308,35.19653418827041]],[[-82.39198129983494,35.21534489745385],[-82.39208,35.2154],[-82.39216125846593,35.21533247064302],[-82.39198129983494,35.21534489745385]],[[-81.96877523248132,37.53530483534715],[-81.96899,37.53454],[-81.96798730050935,37.533658505942284],[-81.96877523248132,37.53530483534715]],[[-81.96717,37.53294],[-81.95753,37.5355],[-81.96742975851393,37.53316835913313],[-81.96717,37.53294]],[[-81.95608672614338,37.52900723369761],[-81.95597,37.52839],[-81.95515882162505,37.528585196128525],[-81.95608672614338,37.52900723369761]],[[-81.95142450504245,37.52948379520627],[-81.94413001616118,37.53123908853407],[-81.94647,37.5319],[-81.95142450504245,37.52948379520627]],[[-81.94401071137243,37.531205391761674],[-81.94761,37.52591],[-81.94385,37.53116],[-81.94401071137243,37.531205391761674]],[[-81.93776,37.51358],[-81.93384527415535,37.51933523127908],[-81.93406,37.51947],[-81.93776,37.51358]],[[-81.9323742627753,37.51841197808397],[-81.92678838370723,37.51400285753957],[-81.92646,37.5147],[-81.9323742627753,37.51841197808397]],[[-81.94264,37.50884],[-81.92768,37.51211],[-81.92711054656807,37.513318921630066],[-81.94264,37.50884]],[[-81.94391,37.50293],[-81.95315,37.50131],[-81.94596,37.5019],[-81.94391,37.50293]],[[-81.95381594540059,37.49184199365243],[-81.95326,37.49176],[-81.95315,37.50131],[-81.95381594540059,37.49184199365243]],[[-81.9909,37.48443],[-81.9965,37.47692],[-81.99649271143487,37.476828638683585],[-81.9909,37.48443]],[[-81.99634391228156,37.474963458599106],[-81.99607,37.47153],[-81.99585028878441,37.471311706276126],[-81.99634391228156,37.474963458599106]],[[-81.3691624060793,37.33214896084475],[-81.36796857270693,37.333898945861314],[-81.36924,37.3324],[-81.3691624060793,37.33214896084475]],[[-81.36465135032583,37.33780977645797],[-81.36216,37.33769],[-81.36449,37.338],[-81.36465135032583,37.33780977645797]],[[-80.96656,37.29216],[-80.94417,37.29657],[-80.97585629351575,37.291977224204174],[-80.96656,37.29216]],[[-80.33458693331771,37.4934018218461],[-80.33203,37.49375],[-80.3296572231961,37.494704337102185],[-80.33458693331771,37.4934018218461]],[[-80.32204367274811,37.497766527216285],[-80.30933,37.50288],[-80.29979,37.50827],[-80.32204367274811,37.497766527216285]],[[-77.76177,39.26303],[-77.75865,39.26466],[-77.75862480322081,39.26494124052069],[-77.76177,39.26303]],[[-77.74829,39.2937],[-77.73747430293629,39.30908928861765],[-77.73841,39.30819],[-77.74829,39.2937]],[[-77.71952,39.32131],[-77.70767,39.32173],[-77.72136356302524,39.321490741473056],[-77.71952,39.32131]],[[-77.72568620999203,39.321914530391375],[-77.73469,39.32707],[-77.72768,39.32211],[-77.72568620999203,39.321914530391375]],[[-77.75446821893384,39.333528002094845],[-77.75438,39.33346],[-77.73469,39.32707],[-77.75446821893384,39.333528002094845]],[[-77.75941463354039,39.33734086335405],[-77.75981002424952,39.33824846475456],[-77.75966,39.33753],[-77.75941463354039,39.33734086335405]],[[-77.76060764774115,39.34206827633839],[-77.76024248378926,39.34308113985462],[-77.76075,39.34275],[-77.76060764774115,39.34206827633839]],[[-77.7476,39.35133],[-77.74351,39.36003],[-77.74354877990196,39.3614111611236],[-77.7476,39.35133]],[[-77.74358194267316,39.36259226597484],[-77.74364,39.36466],[-77.75231,39.3774],[-77.74358194267316,39.36259226597484]],[[-77.7539118184934,39.4237089911421],[-77.75419,39.42424],[-77.75551983330672,39.424815934129676],[-77.7539118184934,39.4237089911421]],[[-77.78171518792793,39.42894942460916],[-77.79329208680474,39.43076848552705],[-77.78775,39.42915],[-77.78171518792793,39.42894942460916]],[[-77.79485117402282,39.43122379418366],[-77.79844634303096,39.43321229455919],[-77.79679,39.43179],[-77.79485117402282,39.43122379418366]],[[-77.80259046479836,39.43677083390294],[-77.80304525017618,39.437586772374914],[-77.80323,39.43732],[-77.80259046479836,39.43677083390294]],[[-77.82968,39.59108],[-77.83333777230806,39.60237133999733],[-77.83006721681922,39.58897721220515],[-77.82968,39.59108]],[[-77.83473054060497,39.603509169974],[-77.8374,39.60569],[-77.83897541424454,39.605874679167],[-77.83473054060497,39.603509169974]],[[-77.93224343141542,39.616946281400274],[-77.93276,39.61761],[-77.93990400224214,39.618827825112106],[-77.93224343141542,39.616946281400274]],[[-77.94095938229614,39.619007733836796],[-77.94109,39.61903],[-77.94479,39.61557],[-77.94095938229614,39.619007733836796]],[[-77.9358636643771,39.60911308645045],[-77.93596293367129,39.602153205934904],[-77.93561,39.60878],[-77.9358636643771,39.60911308645045]],[[-77.936293594724,39.595944609589885],[-77.93911,39.587],[-77.93637,39.59451],[-77.936293594724,39.595944609589885]],[[-78.448698853439,39.54011724903232],[-78.44944734725446,39.5390594972931],[-78.44864,39.53996],[-78.448698853439,39.54011724903232]],[[-78.45038082777377,39.53801830748311],[-78.458,39.53835],[-78.45046,39.53793],[-78.45038082777377,39.53801830748311]],[[-78.46237,39.53636],[-78.46129494589525,39.52520631366325],[-78.46073,39.52858],[-78.46237,39.53636]],[[-78.46693016302793,39.51757192587882],[-78.46179,39.52225],[-78.46158927695492,39.52344865742953],[-78.46693016302793,39.51757192587882]],[[-78.4688886264094,39.516933967579426],[-78.47289662576686,39.51623434638981],[-78.47194,39.51594],[-78.4688886264094,39.516933967579426]],[[-78.48376080289192,39.519504101027394],[-78.48389,39.51955],[-78.49,39.51765],[-78.48376080289192,39.519504101027394]],[[-78.56558156823945,39.519437313018315],[-78.5786,39.52673],[-78.56611,39.51937],[-78.56558156823945,39.519437313018315]],[[-78.5922,39.5317],[-78.59,39.53582],[-78.59100709249768,39.536481097529155],[-78.5922,39.5317]],[[-78.59133459651972,39.53669608483196],[-78.59163,39.53689],[-78.59247492298094,39.53654027785013],[-78.59133459651972,39.53669608483196]],[[-78.60089878175455,39.533053557679196],[-78.60285810904742,39.53224257233661],[-78.60257,39.53203],[-78.60089878175455,39.533053557679196]],[[-78.65396922556681,39.53467577292278],[-78.66206376523374,39.53646237025488],[-78.6547,39.5346],[-78.65396922556681,39.53467577292278]],[[-78.66391986505137,39.536931796557965],[-78.66791,39.5402],[-78.66415,39.53699],[-78.66391986505137,39.536931796557965]],[[-78.67554979545959,39.5402099606199],[-78.67545,39.54017],[-78.66791,39.5402],[-78.67554979545959,39.5402099606199]],[[-78.67864373907555,39.541448853704956],[-78.68960042032695,39.545879297952176],[-78.68956,39.54582],[-78.67864373907555,39.541448853704956]],[[-78.73351845478233,39.586459062373855],[-78.73353,39.58653],[-78.74024,39.58641],[-78.73351845478233,39.586459062373855]],[[-78.75399227229998,39.581329434564815],[-78.75935439726808,39.58241374238386],[-78.75699,39.58085],[-78.75399227229998,39.581329434564815]],[[-78.7661429098156,39.58690346369135],[-78.76713288035737,39.587677961192824],[-78.76706,39.58751],[-78.7661429098156,39.58690346369135]],[[-78.77800253475067,39.601328679737485],[-78.77748627431717,39.60276761839258],[-78.77815,39.60145],[-78.77800253475067,39.601328679737485]],[[-78.77685689128813,39.604017060257625],[-78.7762573069328,39.604331649044916],[-78.7768,39.60413],[-78.77685689128813,39.604017060257625]],[[-78.74711906860755,39.60570246979542],[-78.74703,39.60561],[-78.7469310564742,39.60567484715972],[-78.74711906860755,39.60570246979542]],[[-78.74639632260404,39.60602530943],[-78.74115414995327,39.60946100675724],[-78.74258,39.60924],[-78.74639632260404,39.60602530943]],[[-78.73492090812576,39.613546246544914],[-78.73313,39.61472],[-78.73333718951545,39.615141718169035],[-78.73492090812576,39.613546246544914]],[[-78.76344,39.61883],[-78.777659290816,39.62224302097303],[-78.77762,39.622],[-78.76344,39.61883]],[[-78.7777659284765,39.622902594650895],[-78.77263,39.63688],[-78.77816,39.62534],[-78.7777659284765,39.622902594650895]],[[-78.76617100970036,39.643298006858664],[-78.76475,39.64471],[-78.76500923105058,39.64529092741455],[-78.76617100970036,39.643298006858664]],[[-78.76638199613873,39.64836724435909],[-78.76641,39.64843],[-78.76912014527844,39.64753415427188],[-78.76638199613873,39.64836724435909]],[[-78.77541994373226,39.645451739141684],[-78.776,39.64526],[-78.7812,39.63685],[-78.77541994373226,39.645451739141684]],[[-78.79077,39.63827],[-78.79429137014466,39.637098812590466],[-78.7812,39.63685],[-78.79077,39.63827]],[[-78.79482253959986,39.636922148691845],[-78.79528,39.63677],[-78.7941,39.63456],[-78.79482253959986,39.636922148691845]],[[-78.8012021064887,39.627851578467165],[-78.80164,39.62768],[-78.79579,39.6134],[-78.8012021064887,39.627851578467165]],[[-79.46979,39.20373],[-79.47307524603497,39.20217383082554],[-79.47295,39.20214],[-79.46979,39.20373]],[[-77.15519,38.35105],[-77.13822,38.36792],[-77.15683753012871,38.349976951111685],[-77.15519,38.35105]],[[-77.16322,38.34582],[-77.15979068855123,38.348053536597405],[-77.17934,38.34191],[-77.16322,38.34582]],[[-77.24007,38.3316],[-77.23720345807733,38.332369704586355],[-77.24363396997362,38.33182036437411],[-77.24007,38.3316]],[[-77.27658,38.33788],[-77.2653,38.33316],[-77.2838,38.34286],[-77.27658,38.33788]],[[-77.28841,38.3514],[-77.2862,38.34702],[-77.2838,38.34286],[-77.28841,38.3514]],[[-77.31879,38.41767],[-77.31044,38.4001],[-77.3214385613803,38.42728067782418],[-77.31879,38.41767]],[[-77.32291,38.43262],[-77.32267210058133,38.43175674846868],[-77.32285561093988,38.43267633926545],[-77.32291,38.43262]],[[-77.31056,38.49399],[-77.31532,38.47855],[-77.31002829340358,38.49447170171353],[-77.31056,38.49399]],[[-77.30740169819107,38.49685127613136],[-77.30308,38.49919],[-77.29998017543579,38.50357483429733],[-77.30740169819107,38.49685127613136]],[[-77.27655,38.54626],[-77.27634,38.53945],[-77.27613430733388,38.54690168431398],[-77.27655,38.54626]],[[-77.27403,38.55015],[-77.27465448001773,38.549186020925006],[-77.27372626581939,38.550304562955816],[-77.27403,38.55015]],[[-77.2621725322159,38.55623611211486],[-77.26197,38.55633],[-77.26175151539321,38.557249456053604],[-77.2621725322159,38.55623611211486]],[[-77.26075,38.55966],[-77.26082991782744,38.55946764605672],[-77.25645,38.56059],[-77.26075,38.55966]],[[-77.04375755116092,38.718085614731784],[-77.04334,38.71844],[-77.04147,38.72585],[-77.04375755116092,38.718085614731784]],[[-77.04136,38.78541],[-77.04348,38.73924],[-77.04065336985839,38.78728332160944],[-77.04136,38.78541]],[[-77.1068,38.92003],[-77.103,38.91271],[-77.10220250095946,38.91221328779483],[-77.1068,38.92003]],[[-77.0980019455367,38.90959702490174],[-77.08855,38.90371],[-77.08747588026209,38.90352665327736],[-77.0980019455367,38.90959702490174]],[[-77.0592,38.88098],[-77.06864,38.90029],[-77.06867811484966,38.90029577884008],[-77.0592,38.88098]],[[-77.05414,38.87971],[-77.05055,38.87198],[-77.0503148175835,38.87198293978021],[-77.05414,38.87971]],[[-77.04681492972227,38.872026688378476],[-77.04655,38.87203],[-77.0465461578775,38.87205704552898],[-77.04681492972227,38.872026688378476]],[[-77.04588786554046,38.87551242666361],[-77.04534576612829,38.87512911151863],[-77.04587,38.87561],[-77.04588786554046,38.87551242666361]],[[-77.04093734153584,38.87108519005159],[-77.03846562134234,38.86621093267255],[-77.03946,38.86973],[-77.04093734153584,38.87108519005159]],[[-77.03803766003847,38.86469639429199],[-77.04276,38.86337],[-77.03792,38.86428],[-77.03803766003847,38.86469639429199]],[[-77.03804564166069,38.863240703252295],[-77.03808,38.86329],[-77.04276,38.86337],[-77.03804564166069,38.863240703252295]],[[-77.03777386206906,38.86285075862084],[-77.03381417738714,38.85658893168199],[-77.03417,38.85768],[-77.03777386206906,38.86285075862084]],[[-77.03246493321741,38.85245170848806],[-77.03227123191071,38.8511630567393],[-77.03221,38.85167],[-77.03246493321741,38.85245170848806]],[[-77.03462828097001,38.840088048022935],[-77.03307,38.84455],[-77.03260889259877,38.848367540344995],[-77.03462828097001,38.840088048022935]],[[-77.03475003806042,38.84005003336575],[-77.04802,38.84126],[-77.0368,38.83941],[-77.03475003806042,38.84005003336575]],[[-77.04321,38.83143],[-77.04181304722913,38.83364348150315],[-77.04189,38.83371],[-77.04321,38.83143]],[[-77.04143186957671,38.83331398895615],[-77.03784793417329,38.8296511894485],[-77.03776,38.83014],[-77.04143186957671,38.83331398895615]],[[-77.04111,38.82294],[-77.03757141515388,38.81144423090566],[-77.03734,38.81463],[-77.04111,38.82294]],[[-77.03901,38.79164],[-77.03906289583135,38.79149976977478],[-76.90939,38.89285],[-77.03901,38.79164]],[[-77.12865,38.9414],[-77.11722489098622,38.93022587736273],[-77.1197490874244,38.93434850954012],[-77.12865,38.9414]],[[-77.13583600445816,38.954070832350716],[-77.136,38.95436],[-77.13783294239892,38.95589295417545],[-77.13583600445816,38.954070832350716]],[[-77.14820588348654,38.96456820952516],[-77.14877,38.96504],[-77.18023117465704,38.96865014091077],[-77.14820588348654,38.96456820952516]],[[-77.18131711892286,38.96877475201838],[-77.18145,38.96879],[-77.1819906157281,38.96872209177435],[-77.18131711892286,38.96877475201838]],[[-77.20069,38.96726],[-77.19956595489353,38.96734788830051],[-77.20814,38.97025],[-77.20069,38.96726]],[[-77.25576,39.00188],[-77.25572960470807,39.00181069442301],[-77.25326,39.00916],[-77.25576,39.00188]],[[-77.2463964162638,39.02387619566388],[-77.24657,39.02496],[-77.24772748307878,39.02563496262662],[-77.2463964162638,39.02387619566388]],[[-77.27504,39.03428],[-77.29191,39.04585],[-77.293389601518,39.04649058042191],[-77.27504,39.03428]],[[-77.3011228961608,39.04983864210256],[-77.30466,39.05137],[-77.30495127075152,39.05140884898544],[-77.3011228961608,39.04983864210256]],[[-77.31983,39.05342],[-77.31981113455149,39.05341788399194],[-77.3199829450648,39.05349810712726],[-77.31983,39.05342]],[[-77.33873877285016,39.062255727842334],[-77.34014,39.06291],[-77.38579,39.06213],[-77.33873877285016,39.062255727842334]],[[-77.45697,39.0734],[-77.42073,39.06633],[-77.46018139499562,39.07514216726706],[-77.45697,39.0734]],[[-77.4625,39.0764],[-77.46197947448152,39.07611761725941],[-77.46791536619797,39.08412905206583],[-77.4625,39.0764]],[[-77.46896,39.08562],[-77.46881736907767,39.08541643078887],[-77.46866,39.08939],[-77.46896,39.08562]],[[-77.52009,39.12087],[-77.4854,39.10931],[-77.52036604108157,39.12132554913265],[-77.52009,39.12087]],[[-77.51762,39.16942],[-77.51791613624498,39.16869113981852],[-77.51606247645908,39.17126926977405],[-77.51762,39.16942]],[[-77.50753,39.1814],[-77.50844285319234,39.18031615646738],[-77.50588205019277,39.18175096631129],[-77.50753,39.1814]],[[-77.4855073947469,39.18617447796647],[-77.48508,39.18626],[-77.4840546937042,39.186917150971446],[-77.4855073947469,39.18617447796647]],[[-77.47794854863463,39.19083077091188],[-77.47692,39.19149],[-77.47568480576638,39.1944729940742],[-77.47794854863463,39.19083077091188]],[[-77.47492,39.19632],[-77.47493796386102,39.20523905699678],[-77.47599,39.20183],[-77.47492,39.19632]],[[-77.47416,39.20776],[-77.47451157982007,39.206620727686875],[-77.46456352125372,39.215229147443786],[-77.47416,39.20776]],[[-77.4589,39.22013],[-77.45776822216308,39.224815082338075],[-77.45965195184077,39.21947930850686],[-77.4589,39.22013]],[[-77.45799954939895,39.22520311512082],[-77.4595,39.22772],[-77.47620614448903,39.23923238500709],[-77.45799954939895,39.22520311512082]],[[-77.48941402139778,39.248334075956784],[-77.49054,39.24911],[-77.49251793031358,39.24951777003484],[-77.48941402139778,39.248334075956784]],[[-77.54309,39.26692],[-77.54172647826036,39.26634548713869],[-77.55416,39.28143],[-77.54309,39.26692]],[[-77.56686830381719,39.30602937759883],[-77.56709,39.30623],[-77.56890142354932,39.305873107698666],[-77.56686830381719,39.30602937759883]],[[-77.66508,39.3168],[-77.67547,39.32436],[-77.67640176470152,39.324289931294445],[-77.66508,39.3168]],[[-77.67780401880141,39.32418448178613],[-77.68172,39.32389],[-77.69301,39.31844],[-77.67780401880141,39.32418448178613]],[[-75.74671,39.76514],[-75.74706231078437,39.76466745266186],[-75.73944927771569,39.77227627498217],[-75.74671,39.76514]],[[-75.72804,39.78349],[-75.72867742158449,39.782863503691715],[-75.71841233644878,39.79061934579426],[-75.72804,39.78349]],[[-75.67004124527354,39.818089627316226],[-75.68133,39.81353],[-75.70710172514778,39.7989949250488],[-75.67004124527354,39.818089627316226]],[[-75.62033796832456,39.833335776618476],[-75.6537,39.82469],[-75.66173347930007,39.82144520705795],[-75.62033796832456,39.833335776618476]],[[-75.5931,39.83772],[-75.60049400845978,39.836529860398315],[-75.59207090113549,39.83775247262406],[-75.5931,39.83772]],[[-75.54588,39.83921],[-75.55030379679795,39.8390704096309],[-75.54219111684284,39.83876207543397],[-75.54588,39.83921]],[[-75.49902,39.83352],[-75.50132714931611,39.83380014681197],[-75.49548305151787,39.832509555624824],[-75.49902,39.83352]],[[-75.45404,39.82067],[-75.45604534490741,39.82124289199778],[-75.45356400318559,39.82044103796125],[-75.45404,39.82067]],[[-75.40541,39.7964],[-75.41496578705956,39.80196840869235],[-75.41552885638409,39.80214552737819],[-75.40541,39.7964]],[[-75.26023081807999,39.851331400821806],[-75.27398438070941,39.84910552612028],[-75.2722,39.84908],[-75.26023081807999,39.851331400821806]],[[-75.22137,39.86154],[-75.25617856287076,39.85209362924888],[-75.24615,39.85398],[-75.22137,39.86154]],[[-75.13585,39.89127],[-75.14354441158342,39.885083765334926],[-75.14234,39.88521],[-75.13585,39.89127]],[[-74.74077838197475,40.13546986616915],[-74.75972,40.1338],[-74.74118,40.13517],[-74.74077838197475,40.13546986616915]],[[-74.7225040564284,40.151512920950275],[-74.72371053048249,40.14821349549052],[-74.72255,40.14908],[-74.7225040564284,40.151512920950275]],[[-74.74759380530975,40.18222946902655],[-74.73511977809936,40.17524859141341],[-74.7372,40.17761],[-74.74759380530975,40.18222946902655]],[[-74.7556,40.18671],[-74.75477934571767,40.186250734759426],[-74.76061,40.19891],[-74.7556,40.18671]],[[-74.76170333035971,41.33604090480939],[-74.76728,41.32774],[-74.76301,41.33196],[-74.76170333035971,41.33604090480939]],[[-74.7551,41.34587],[-74.75599840093847,41.34453272503987],[-74.75459640294972,41.34589301069176],[-74.7551,41.34587]],[[-74.72288663342523,41.34734191459611],[-74.74792691294608,41.34619775747016],[-74.72595,41.34619],[-74.72288663342523,41.34734191459611]],[[-75.48846,39.71466],[-75.49631,39.70096],[-75.48839362163862,39.71468638114363],[-75.48846,39.71466]],[[-75.46802,39.74581],[-75.46355,39.75701],[-75.46371430842235,39.75867528806445],[-75.46802,39.74581]],[[-75.4622,39.7632],[-75.46246933403687,39.76239523730219],[-75.4612684444669,39.76374891862549],[-75.4622,39.7632]],[[-75.51566554154078,39.666215013376195],[-75.51553,39.66633],[-75.51502418439716,39.66746808510637],[-75.51566554154078,39.666215013376195]],[[-75.5107600449006,39.67706239897367],[-75.51037,39.67794],[-75.51028731302692,39.68058267565957],[-75.5107600449006,39.67706239897367]],[[-74.047084223845,40.69081537515038],[-74.04721,40.69084],[-74.04362,40.68876],[-74.047084223845,40.69081537515038]],[[-74.03993,40.69859],[-74.04072418387376,40.70012025673236],[-74.04074,40.70013],[-74.03993,40.69859]],[[-73.48732,42.04953],[-73.42851,42.05048],[-73.49702,42.04962],[-73.48732,42.04953]],[[-71.80067,42.02351],[-71.79839426465051,41.9612534722708],[-71.79919,42.00805],[-71.80067,42.02351]],[[-71.80681,41.41667],[-71.80563901622787,41.41695432832806],[-71.81645978392656,41.41939041780908],[-71.80681,41.41667]],[[-71.81874799536564,41.419384258424316],[-71.82033,41.41938],[-71.82538,41.41469],[-71.81874799536564,41.419384258424316]],[[-71.83954022840946,41.412201707724876],[-71.8397,41.41222],[-71.84243,41.41026],[-71.83954022840946,41.412201707724876]],[[-71.84359,41.40533],[-71.84231468543621,41.402460542231466],[-71.84243,41.41026],[-71.84359,41.40533]],[[-71.92945,41.31039],[-71.99949,41.29579],[-72.01921,41.29059],[-71.92945,41.31039]],[[-72.08185,41.26222],[-72.5279,41.17777],[-72.99955,41.08711],[-72.08185,41.26222]],[[-71.46506,45.01292],[-71.46564072739278,45.012926932614626],[-71.46584835941286,45.01267629988035],[-71.46506,45.01292]],[[-71.48055,45.00233],[-71.47635,45.00943],[-71.48075957180406,45.00228689273371],[-71.48055,45.00233]],[[-71.48828,45.00074],[-71.4814703501825,45.002140691230245],[-71.48847606216522,45.00084719546144],[-71.48828,45.00074]],[[-71.50858919514111,45.0078586045554],[-71.50437,45.00827],[-71.50854,45.00789],[-71.50858919514111,45.0078586045554]],[[-71.53694472704309,44.993435810039514],[-71.5304,44.99936],[-71.53701,44.99348],[-71.53694472704309,44.993435810039514]],[[-71.53675,44.9839],[-71.54096324399464,44.984668453307194],[-71.54133,44.98394],[-71.53675,44.9839]],[[-71.5222,44.96946],[-71.52552,44.96962],[-71.52225099895787,44.96922625477644],[-71.5222,44.96946]],[[-71.52331789096459,44.96429061188188],[-71.51631683468976,44.96439935340012],[-71.51632,44.96448],[-71.52331789096459,44.96429061188188]],[[-71.81475,44.35449],[-71.81241,44.35732],[-71.81554464688763,44.35430381360522],[-71.81475,44.35449]],[[-71.83328833455595,44.3501464535394],[-71.83007677455389,44.35089892459001],[-71.83309,44.35024],[-71.83328833455595,44.3501464535394]],[[-71.87145,44.3367],[-71.86313,44.3399],[-71.87149509299938,44.336716122995504],[-71.87145,44.3367]],[[-71.90315919552539,44.347276688968584],[-71.8998558453643,44.346788186329796],[-71.90056,44.34704],[-71.90315919552539,44.347276688968584]],[[-71.91314588592256,44.347713074126666],[-71.9118137868961,44.34806479678312],[-71.91242,44.34812],[-71.91314588592256,44.347713074126666]],[[-71.9291,44.33763],[-71.92332212813726,44.342008353699185],[-71.93404,44.336],[-71.9291,44.33763]],[[-72.02913560360598,44.322312555048605],[-72.01925,44.32019],[-72.029,44.32238],[-72.02913560360598,44.322312555048605]],[[-72.033310942794,44.31837684153096],[-72.02956052942044,44.32210121036721],[-72.0328,44.32049],[-72.033310942794,44.31837684153096]],[[-72.03141,44.31525],[-72.03344436575347,44.31782503052578],[-72.03361,44.31714],[-72.03141,44.31525]],[[-72.06718468833046,44.26971999482781],[-72.06762622188158,44.272162227282436],[-72.06848,44.2708],[-72.06718468833046,44.26971999482781]],[[-72.05833,44.27008],[-72.0655917296875,44.26839181751424],[-72.06475,44.26769],[-72.05833,44.27008]],[[-72.04298677923346,44.15725964276996],[-72.04229,44.16205],[-72.04394,44.15778],[-72.04298677923346,44.15725964276996]],[[-72.039,44.1568],[-72.04172007085961,44.15663373650003],[-72.03928290375107,44.15636936583062],[-72.039,44.1568]],[[-72.03326,44.13168],[-72.04196,44.137],[-72.03337220816726,44.131491967996936],[-72.03326,44.13168]],[[-72.03167,44.07897],[-72.03325,44.08151],[-72.03197637465928,44.07882725726102],[-72.03167,44.07897]],[[-72.03695,44.07651],[-72.03428749360616,44.0777504859335],[-72.0374428494477,44.07673262921042],[-72.03695,44.07651]],[[-72.05287,44.07631],[-72.04337699956886,44.07917435079268],[-72.04351,44.07924],[-72.05287,44.07631]],[[-72.11204,43.98595],[-72.11678606147254,43.99433930368175],[-72.11699,43.99421],[-72.11204,43.98595]],[[-72.27535,43.72744],[-72.27111,43.73392],[-72.27552972497907,43.72733393279924],[-72.27535,43.72744]],[[-72.28188575367231,43.72358283389831],[-72.27930020275174,43.725108732802255],[-72.28174,43.72376],[-72.28188575367231,43.72358283389831]],[[-72.30513,43.69532],[-72.29961936779091,43.70616318294642],[-72.2997,43.70611],[-72.30513,43.69532]],[[-72.37137830384847,43.580332890534464],[-72.34964,43.58782],[-72.37082,43.58074],[-72.37137830384847,43.580332890534464]],[[-72.37984415583064,43.57376301986893],[-72.3763057440883,43.57673985142506],[-72.37983,43.57417],[-72.37984415583064,43.57376301986893]],[[-72.39416127496953,43.527433306629035],[-72.38765,43.52963],[-72.39411,43.52754],[-72.39416127496953,43.527433306629035]],[[-72.39671696839923,43.51953876705233],[-72.39441385025168,43.526907745940946],[-72.39609,43.52342],[-72.39671696839923,43.51953876705233]],[[-72.39777961910744,43.51011503805232],[-72.39811377168299,43.51089188958147],[-72.39819,43.51042],[-72.39777961910744,43.51011503805232]],[[-72.38106,43.49404],[-72.38511,43.5007],[-72.3811102279938,43.49236453763551],[-72.38106,43.49404]],[[-72.38148,43.48003],[-72.38141711368648,43.48212770774395],[-72.382214334413,43.47771329336799],[-72.38148,43.48003]],[[-72.38303,43.47514],[-72.38288413720892,43.47560017357961],[-72.39257,43.46688],[-72.38303,43.47514]],[[-72.41523,43.36561],[-72.4159820009599,43.3766044444136],[-72.41604,43.37645],[-72.41523,43.36561]],[[-72.43835500863769,43.252852589180144],[-72.43576591338498,43.25724495205295],[-72.43645,43.25695],[-72.43835500863769,43.252852589180144]],[[-72.43947,43.24414],[-72.43862549570323,43.25227080881073],[-72.43877,43.25196],[-72.43947,43.24414]],[[-72.4325,43.1189],[-72.43288321504699,43.119306677192704],[-72.43348,43.11059],[-72.4325,43.1189]],[[-72.44141,43.10595],[-72.4429561164043,43.10320993815016],[-72.43348,43.11059],[-72.44141,43.10595]],[[-72.442684856417,43.10171824712844],[-72.44314364575682,43.1028775944643],[-72.44321,43.10276],[-72.442684856417,43.10171824712844]],[[-72.43452,43.08662],[-72.4357539078989,43.08796898739205],[-72.43464323389597,43.0857656893429],[-72.43452,43.08662]],[[-72.43526,43.08149],[-72.4350185489066,43.08316384339077],[-72.44434,43.07162],[-72.43526,43.08149]],[[-72.55700215355682,42.853074701044356],[-72.55427,42.86061],[-72.55712,42.85324],[-72.55700215355682,42.853074701044356]],[[-71.69651,42.70572],[-72.45841,42.72693],[-72.80911,42.73658],[-71.69651,42.70572]],[[-70.91463,42.88665],[-70.92959,42.88503],[-70.90353,42.88678],[-70.91463,42.88665]],[[-70.83841,43.24721],[-70.83887,43.24449],[-70.83800333783573,43.24316879474259],[-70.83841,43.24721]],[[-70.83963136742449,43.25123080170026],[-70.83958,43.25134],[-70.84283,43.25422],[-70.83963136742449,43.25123080170026]],[[-70.88334,43.27323],[-70.88308761780031,43.27319179407585],[-70.88265,43.27891],[-70.88334,43.27323]],[[-70.88584,43.28081],[-70.88355,43.28338],[-70.88365649197769,43.28339676851291],[-70.88584,43.28081]],[[-70.89674,43.28535],[-70.88774150871139,43.28404000622246],[-70.89686929687117,43.285477292268524],[-70.89674,43.28535]],[[-70.89932,43.28789],[-70.89637,43.29232],[-70.89749847123888,43.2922889919581],[-70.89932,43.28789]],[[-70.97305,43.34881],[-70.97251292914852,43.34924016575308],[-70.97203,43.35463],[-70.97305,43.34881]],[[-70.80993418887871,43.22569907338521],[-70.80982,43.22588],[-70.81226,43.22867],[-70.80993418887871,43.22569907338521]],[[-70.82743,43.24338],[-70.83754772412541,43.24247422279259],[-70.83744,43.24231],[-70.82743,43.24338]]],[[[-123.07049,37.81383],[-123.03384,37.77838],[-122.99754,37.77078],[-122.94229,37.72106],[-122.93586,37.70246],[-122.94136,37.67658],[-122.96301,37.65198],[-123.00111,37.63983],[-123.0407,37.65033],[-123.06859,37.67304],[-123.09285,37.71369],[-123.1326,37.71939],[-123.16275,37.74353],[-123.17383,37.77573],[-123.16601,37.79689],[-123.14721,37.81195],[-123.11829,37.82306],[-123.07049,37.81383]]],[[[-162.96459,54.44625],[-162.93558,54.47772],[-162.94482,54.50538],[-162.92499,54.53358],[-162.88071,54.55321],[-162.82449,54.54925],[-162.73309,54.52659],[-162.69158,54.52639],[-162.61057,54.50042],[-162.58269,54.50577],[-162.50572,54.47802],[-162.44194,54.47534],[-162.41167,54.45913],[-162.39561,54.46427],[-162.35435,54.45669],[-162.24821,54.39927],[-162.23838,54.36992],[-162.25016,54.34674],[-162.2822,54.33096],[-162.35896,54.32852],[-162.42936,54.29851],[-162.49229,54.29383],[-162.52659,54.25798],[-162.54694,54.24802],[-162.59183,54.244],[-162.62336,54.25252],[-162.70008,54.23797],[-162.74659,54.25265],[-162.7682,54.27044],[-162.77997,54.29322],[-162.87517,54.33902],[-162.89007,54.33077],[-162.95263,54.32573],[-163.00475,54.35158],[-163.01397,54.36708],[-163.00845,54.40017],[-162.99505,54.41479],[-162.95988,54.42802],[-162.96459,54.44625]]],[[[-159.68133,54.88743],[-159.6363,54.8718],[-159.57263,54.88373],[-159.4976,54.85546],[-159.44065,54.81754],[-159.41677,54.7922],[-159.42523,54.76],[-159.46929,54.72097],[-159.5029,54.709],[-159.54787,54.6993],[-159.60043,54.70396],[-159.65243,54.71778],[-159.68858,54.7656],[-159.76541,54.73977],[-159.83508,54.74546],[-159.91167,54.80929],[-159.88583,54.84719],[-159.85464,54.8644],[-159.76105,54.89132],[-159.68133,54.88743]]],[[[-162.67295,54.84344],[-162.63718,54.80479],[-162.64405,54.7891],[-162.6778,54.76272],[-162.74018,54.7531],[-162.80259,54.77582],[-162.81782,54.79944],[-162.81901,54.81116],[-162.80696,54.82952],[-162.76939,54.85336],[-162.72517,54.85739],[-162.67295,54.84344]]],[[[-161.04386,55.20109],[-161.00542,55.16347],[-161.01997,55.12924],[-161.05893,55.11177],[-161.09566,55.10346],[-161.15156,55.11513],[-161.17701,55.13065],[-161.1944,55.15496],[-161.17501,55.18438],[-161.14891,55.20101],[-161.10906,55.208],[-161.04386,55.20109]]],[[[-155.58114,55.93068],[-155.47435,55.91359],[-155.45312,55.88392],[-155.48522,55.81862],[-155.47475,55.74146],[-155.52809,55.70585],[-155.58137,55.69991],[-155.71982,55.71179],[-155.79435,55.72959],[-155.82624,55.75927],[-155.8368,55.80082],[-155.80476,55.83644],[-155.75146,55.85424],[-155.67676,55.90766],[-155.6341,55.92547],[-155.58114,55.93068]]],[[[-156.87223,56.24702],[-156.84199,56.27008],[-156.79285,56.27958],[-156.72891,56.27398],[-156.69063,56.25725],[-156.65111,56.20096],[-156.65377,56.16759],[-156.67587,56.1525],[-156.60985,56.13215],[-156.58933,56.10927],[-156.55605,56.09016],[-156.54742,56.04864],[-156.55332,56.02708],[-156.64779,55.9623],[-156.764,55.953],[-156.82221,55.96756],[-156.83339,55.98421],[-156.82641,56.00758],[-156.83812,56.01268],[-156.84653,56.03023],[-156.83535,56.06024],[-156.82008,56.07056],[-156.81717,56.1041],[-156.8836,56.12284],[-156.90315,56.15505],[-156.898,56.20166],[-156.87804,56.2233],[-156.87223,56.24702]]],[[[-154.8154,57.41279],[-154.79016,57.46142],[-154.75278,57.48718],[-154.74567,57.50711],[-154.72297,57.52795],[-154.67157,57.55715],[-154.62518,57.5729],[-154.60688,57.60325],[-154.57273,57.62059],[-154.48094,57.63186],[-154.40701,57.69052],[-154.32974,57.69318],[-154.26624,57.71595],[-154.24006,57.71547],[-154.12842,57.77067],[-153.97825,57.86147],[-153.96859,57.8749],[-153.94345,57.88567],[-153.9415,57.90043],[-153.91713,57.91656],[-153.87057,57.92878],[-153.78662,57.91771],[-153.74488,57.94001],[-153.55446,58.00282],[-153.48019,58.01884],[-153.50476,58.04033],[-153.50658,58.06623],[-153.4702,58.1087],[-153.43101,58.12819],[-153.36747,58.17929],[-153.31467,58.19301],[-153.27135,58.23849],[-153.20003,58.26625],[-153.12307,58.33022],[-152.92228,58.47219],[-152.88086,58.48979],[-152.8469,58.5315],[-152.77512,58.54941],[-152.76755,58.5866],[-152.73463,58.61109],[-152.71908,58.63538],[-152.61001,58.69228],[-152.54557,58.74245],[-152.47357,58.75726],[-152.43454,58.75078],[-152.39299,58.73046],[-152.38077,58.71127],[-152.3848,58.69042],[-152.34263,58.70138],[-152.31259,58.70045],[-152.24771,58.68073],[-152.18932,58.62025],[-152.17903,58.59344],[-152.18283,58.57397],[-152.11348,58.56166],[-152.06549,58.52676],[-152.06088,58.50083],[-152.07982,58.47859],[-152.11625,58.46271],[-152.18193,58.45786],[-152.18205,58.45195],[-152.07191,58.44003],[-152.02426,58.41262],[-151.93229,58.39067],[-151.89522,58.37171],[-151.82397,58.39888],[-151.75049,58.39465],[-151.7128,58.37398],[-151.70403,58.35734],[-151.70728,58.33134],[-151.75518,58.3034],[-151.72524,58.28754],[-151.69658,58.25978],[-151.69051,58.23513],[-151.70142,58.22251],[-151.7066,58.18782],[-151.73463,58.15678],[-151.78217,58.12876],[-151.84167,58.11314],[-151.88418,58.11296],[-151.93399,58.12572],[-151.96639,58.15374],[-152.05527,58.10453],[-152.26074,58.07336],[-152.31231,58.04964],[-152.45335,58.05929],[-152.47452,58.04543],[-152.41445,58.03658],[-152.33342,58.00187],[-152.31171,57.97657],[-152.26563,57.97114],[-152.23558,57.94994],[-152.22021,57.93022],[-152.25523,57.86627],[-152.18238,57.84995],[-152.13795,57.82981],[-152.12101,57.80457],[-152.07979,57.6863],[-152.03486,57.65332],[-152.03101,57.62863],[-152.05348,57.60365],[-152.0635,57.5712],[-152.22244,57.4753],[-152.21649,57.43823],[-152.15652,57.40585],[-152.1597,57.38041],[-152.18634,57.35318],[-152.25848,57.32343],[-152.33768,57.32158],[-152.38315,57.33541],[-152.40209,57.3563],[-152.40209,57.38034],[-152.41558,57.38447],[-152.52601,57.32937],[-152.53767,57.30075],[-152.64272,57.23537],[-152.83563,57.21737],[-152.78521,57.19246],[-152.77437,57.16056],[-152.77738,57.14145],[-152.79295,57.12288],[-152.83416,57.09442],[-152.90434,57.07238],[-153.00122,57.0644],[-153.09829,57.04031],[-153.12152,57.00153],[-153.16913,56.96703],[-153.20555,56.95322],[-153.32,56.94094],[-153.40453,56.95077],[-153.4491,56.97081],[-153.46285,56.94774],[-153.47686,56.94132],[-153.45462,56.92642],[-153.45095,56.90034],[-153.4887,56.86367],[-153.54454,56.84237],[-153.61518,56.83438],[-153.64865,56.80418],[-153.69455,56.78564],[-153.76042,56.77647],[-153.74755,56.74504],[-153.78354,56.69756],[-153.89007,56.67171],[-153.91992,56.64254],[-153.95705,56.63332],[-153.99976,56.63495],[-153.98632,56.62587],[-153.98212,56.60901],[-153.84211,56.62057],[-153.7909,56.6101],[-153.76494,56.58808],[-153.75823,56.56849],[-153.76243,56.55675],[-153.8066,56.50936],[-153.91908,56.45699],[-154.05788,56.44843],[-154.15334,56.46005],[-154.23361,56.44347],[-154.34056,56.4644],[-154.37834,56.44609],[-154.42988,56.44114],[-154.49821,56.45578],[-154.58199,56.42681],[-154.62888,56.38609],[-154.6571,56.37323],[-154.72573,56.35522],[-154.79493,56.35929],[-154.86294,56.38385],[-154.8817,56.40139],[-154.89481,56.43457],[-154.88669,56.45574],[-154.81237,56.52383],[-154.75811,56.55982],[-154.5405,56.65584],[-154.42998,56.65463],[-154.35211,56.63254],[-154.30538,56.65201],[-154.23667,56.66757],[-154.2393,56.69286],[-154.21783,56.72047],[-154.38552,56.83027],[-154.3932,56.84903],[-154.38772,56.89562],[-154.44006,56.9236],[-154.57748,56.95277],[-154.60861,56.97028],[-154.62854,57.00201],[-154.60113,57.03638],[-154.61978,57.16236],[-154.67976,57.19808],[-154.68577,57.21422],[-154.76709,57.21451],[-154.8311,57.23064],[-154.91403,57.26673],[-154.93122,57.28237],[-154.92646,57.31642],[-154.91033,57.33506],[-154.91556,57.34987],[-154.88863,57.38192],[-154.8154,57.41279]]],[[[-159.90528,58.64671],[-159.86768,58.61052],[-159.86345,58.57869],[-159.92132,58.54396],[-160.00854,58.53468],[-160.05905,58.54783],[-160.09456,58.58734],[-160.09759,58.59991],[-160.07488,58.63989],[-160.00465,58.6656],[-159.90528,58.64671]]],[[[-160.45223,58.79185],[-160.41604,58.79844],[-160.36764,58.7941],[-160.32324,58.77506],[-160.26391,58.77175],[-160.21408,58.75548],[-160.13762,58.7489],[-160.10191,58.72481],[-160.09697,58.69728],[-160.12255,58.67283],[-160.15273,58.6582],[-160.15409,58.63711],[-160.1684,58.61856],[-160.21216,58.59505],[-160.2256,58.56554],[-160.25876,58.54457],[-160.30103,58.53576],[-160.36762,58.54199],[-160.39686,58.55392],[-160.41429,58.58693],[-160.38763,58.62765],[-160.4331,58.62225],[-160.47534,58.62719],[-160.52874,58.65416],[-160.54432,58.67433],[-160.53749,58.70027],[-160.52543,58.70857],[-160.52046,58.741],[-160.49037,58.77363],[-160.45223,58.79185]]],[[[-152.40597,58.99423],[-152.32345,59.00746],[-152.24565,58.99346],[-152.18822,59.01614],[-152.12905,59.01675],[-152.08337,59.00502],[-152.01955,59.01092],[-151.93718,58.9883],[-151.86778,58.94641],[-151.85164,58.91735],[-151.8832,58.88068],[-151.93639,58.86738],[-151.96488,58.84478],[-152.01716,58.82852],[-152.06678,58.83301],[-152.13407,58.85812],[-152.19536,58.84063],[-152.24964,58.84067],[-152.29291,58.82265],[-152.36088,58.82305],[-152.40145,58.83667],[-152.42595,58.87337],[-152.45258,58.88487],[-152.46543,58.90634],[-152.46486,58.92422],[-152.43749,58.94842],[-152.43737,58.97353],[-152.40597,58.99423]]],[[[-146.43574,59.48722],[-146.42064,59.51357],[-146.43197,59.54457],[-146.41618,59.56553],[-146.35849,59.58606],[-146.30107,59.58453],[-146.2436,59.55632],[-146.23705,59.53242],[-146.24292,59.51995],[-146.18548,59.49699],[-146.15167,59.44963],[-146.1456,59.42741],[-146.16299,59.40316],[-146.21853,59.38352],[-146.25354,59.35767],[-146.28232,59.34851],[-146.38723,59.33401],[-146.46929,59.35005],[-146.49834,59.368],[-146.50828,59.39073],[-146.49139,59.42305],[-146.45562,59.45392],[-146.42783,59.46667],[-146.43574,59.48722]]],[[[-136.6605,57.93887],[-136.64846,57.95832],[-136.65621,57.97847],[-136.65113,57.99378],[-136.66938,57.99855],[-136.67915,58.01427],[-136.67889,58.03629],[-136.66149,58.06382],[-136.65024,58.10263],[-136.61516,58.12071],[-136.51027,58.15346],[-136.51543,58.18058],[-136.59059,58.15197],[-136.65839,58.14565],[-136.81441,58.18879],[-136.84398,58.20676],[-136.85521,58.23085],[-136.88074,58.25078],[-136.93783,58.2686],[-136.97484,58.29604],[-137.0145,58.34431],[-137.07235,58.32362],[-137.1203,58.32966],[-137.24753,58.39285],[-137.31583,58.41011],[-137.37417,58.44091],[-137.45046,58.46432],[-137.60256,58.54175],[-137.72061,58.57086],[-137.76222,58.5965],[-137.77594,58.64075],[-137.99604,58.74951],[-138.01713,58.77127],[-138.02929,58.8055],[-138.01152,58.83868],[-138.02147,58.86145],[-138.11538,58.91976],[-138.22408,58.96885],[-138.25251,58.98944],[-138.34993,59.02236],[-138.6377,59.07964],[-138.8739,59.18017],[-138.96701,59.21155],[-139.39027,59.31738],[-139.58189,59.37838],[-139.71637,59.43431],[-139.90283,59.49798],[-140.4251,59.65703],[-140.67611,59.66894],[-140.91287,59.69845],[-141.75502,59.91874],[-142.00184,59.9746],[-142.29727,60.01183],[-142.45365,60.02027],[-142.57799,60.04352],[-142.75738,60.05223],[-142.82604,60.0511],[-143.11704,60.0195],[-143.53945,59.99994],[-143.6427,59.98882],[-143.84198,59.94521],[-143.94668,59.93083],[-144.03359,59.91967],[-144.14408,59.91945],[-144.41051,59.74627],[-144.54218,59.71932],[-144.67677,59.72739],[-144.7781,59.77856],[-144.7778,59.82994],[-144.64173,59.92439],[-144.53968,60.01015],[-144.60728,60.07835],[-144.77602,60.12959],[-145.09797,60.14611],[-145.31769,60.17969],[-145.82432,60.31512],[-145.97657,60.31465],[-146.17931,60.28006],[-146.93928,60.10385],[-147.10194,60.08134],[-147.16157,60.05299],[-147.24174,59.99832],[-147.27113,59.96344],[-147.28094,59.92357],[-147.28096,59.87873],[-147.33483,59.83387],[-147.52085,59.77408],[-147.68724,59.74168],[-147.81938,59.73667],[-147.95644,59.74413],[-148.03966,59.76905],[-148.10075,59.8157],[-148.21851,59.87564],[-148.43722,59.89281],[-148.60548,59.8843],[-148.9802,59.89372],[-149.26962,59.84542],[-149.4675,59.73377],[-149.6213,59.52752],[-150.45646,59.30869],[-150.80106,59.23182],[-150.99219,59.18084],[-151.44417,59.09969],[-153.02118,59.00245],[-153.18409,58.90573],[-153.16514,58.89271],[-153.15165,58.85756],[-153.16703,58.82302],[-153.2025,58.80133],[-153.17664,58.78466],[-153.16593,58.76498],[-153.18696,58.72934],[-153.2448,58.70747],[-153.31802,58.71296],[-153.37158,58.67328],[-153.47878,58.64169],[-153.4579,58.62346],[-153.44702,58.59841],[-153.46148,58.57261],[-153.51515,58.5484],[-153.59267,58.54225],[-153.628,58.5083],[-153.69236,58.49351],[-153.77841,58.50404],[-153.81066,58.51539],[-153.82107,58.4878],[-153.88179,58.4565],[-153.8839,58.43855],[-153.85852,58.3976],[-153.85856,58.37427],[-153.92599,58.31979],[-153.97004,58.31272],[-154.03904,58.23036],[-154.05897,58.17521],[-154.08282,58.15401],[-154.10892,58.14601],[-154.11957,58.11323],[-154.13365,58.10014],[-154.2118,58.08029],[-154.22047,58.06617],[-154.26552,58.03823],[-154.33513,58.02671],[-154.39074,57.9993],[-154.70899,57.98229],[-154.80093,57.95915],[-154.8653,57.96764],[-154.8938,57.98354],[-154.94074,57.97507],[-154.96969,57.92785],[-154.99402,57.86319],[-155.04353,57.81239],[-155.09942,57.79124],[-155.16086,57.79059],[-155.15071,57.77196],[-155.15006,57.75002],[-155.20995,57.71626],[-155.24579,57.68159],[-155.277,57.67611],[-155.28095,57.65683],[-155.3004,57.64289],[-155.36091,57.62503],[-155.45986,57.63765],[-155.63949,57.60227],[-155.63257,57.58681],[-155.6455,57.52236],[-155.66796,57.50835],[-155.71926,57.49742],[-155.84448,57.49751],[-155.93976,57.41287],[-155.97892,57.39589],[-156.09836,57.37985],[-156.1672,57.34585],[-156.24704,57.24378],[-156.21451,57.19518],[-156.22781,57.16245],[-156.26276,57.1336],[-156.31648,57.1055],[-156.31167,57.06792],[-156.3307,57.05084],[-156.33071,56.74928],[-157.12977,56.26869],[-157.09871,56.23831],[-158.0,55.63944],[-159.44687,55.63853],[-159.48881,55.60894],[-159.52152,55.60089],[-159.50505,55.55811],[-159.53815,55.53201],[-159.95114,55.50758],[-160.00205,55.45908],[-160.04116,55.44888],[-160.0593,55.41621],[-160.05054,55.39578],[-159.99637,55.39019],[-159.96192,55.36866],[-159.93258,55.33698],[-159.88355,55.3452],[-159.8433,55.34005],[-159.80421,55.32398],[-159.7668,55.29309],[-159.73789,55.22229],[-159.70427,55.23987],[-159.66021,55.24291],[-159.60906,55.26779],[-159.57302,55.31214],[-159.54434,55.32841],[-159.4826,55.33629],[-159.41531,55.31538],[-159.40179,55.3022],[-159.39739,55.28042],[-159.39949,55.25979],[-159.41979,55.2499],[-159.42708,55.20115],[-159.40468,55.15974],[-159.41089,55.1235],[-159.37614,55.12321],[-159.34848,55.1129],[-159.30363,55.11649],[-159.23342,55.09864],[-159.20919,55.07725],[-159.2032,55.04334],[-159.2123,55.02584],[-159.25506,55.0062],[-159.25014,54.9981],[-159.14161,54.96053],[-159.11326,54.93033],[-159.11179,54.91569],[-159.1327,54.88553],[-159.2266,54.82068],[-159.27736,54.81121],[-159.3623,54.82831],[-159.4169,54.87225],[-159.43178,54.8942],[-159.50326,54.90076],[-159.54144,54.92395],[-159.54325,54.97637],[-159.56482,54.9914],[-159.67656,54.98724],[-159.70704,54.99749],[-159.7245,55.01779],[-159.73474,54.99025],[-159.77399,54.96849],[-159.76756,54.95661],[-159.77573,54.93784],[-159.81604,54.90953],[-159.87503,54.90424],[-159.95298,54.92938],[-159.9588,54.91322],[-159.98682,54.89122],[-160.03449,54.8796],[-160.09398,54.89038],[-160.11304,54.85492],[-160.15542,54.82902],[-160.20772,54.80734],[-160.25811,54.80689],[-160.31578,54.84329],[-160.34318,54.89436],[-160.34339,54.93088],[-160.32685,54.95969],[-160.29766,54.97647],[-160.3014,54.98633],[-160.29286,55.00067],[-160.24436,55.02257],[-160.26192,55.0352],[-160.26271,55.07285],[-160.28852,55.11163],[-160.28532,55.12456],[-160.24563,55.15238],[-160.21459,55.16012],[-160.19025,55.18535],[-160.14968,55.19638],[-160.14957,55.21017],[-160.13009,55.23867],[-160.15599,55.25381],[-160.16765,55.27985],[-160.18199,55.2886],[-160.20358,55.33577],[-160.2257,55.34672],[-160.23897,55.34027],[-160.2193,55.32246],[-160.21579,55.30828],[-160.22135,55.28923],[-160.23823,55.27252],[-160.23411,55.25685],[-160.24254,55.24106],[-160.27837,55.20507],[-160.32117,55.19346],[-160.36683,55.19648],[-160.37691,55.16542],[-160.41152,55.14628],[-160.44692,55.10817],[-160.43178,55.09467],[-160.43093,55.06486],[-160.46084,55.03585],[-160.51947,55.02512],[-160.57326,55.03698],[-160.59842,55.06402],[-160.59869,55.09406],[-160.60768,55.09836],[-160.64897,55.09629],[-160.70969,55.11206],[-160.78636,55.07081],[-160.83677,55.06815],[-160.8677,55.07556],[-160.89968,55.09535],[-160.90773,55.11304],[-160.90506,55.15945],[-160.94148,55.18849],[-160.9427,55.20233],[-160.92236,55.23806],[-160.94395,55.26383],[-160.93864,55.29176],[-160.95342,55.32537],[-160.93109,55.35652],[-160.8924,55.38067],[-160.88766,55.39664],[-160.85901,55.41987],[-160.9079,55.42037],[-160.9959,55.38124],[-161.1388,55.33746],[-161.19299,55.30814],[-161.23952,55.29846],[-161.18561,55.28576],[-161.12859,55.31339],[-161.08999,55.31665],[-161.0311,55.29474],[-161.01292,55.263],[-161.02653,55.23911],[-161.05863,55.22012],[-161.10659,55.21229],[-161.1555,55.22246],[-161.18136,55.20423],[-161.24851,55.19326],[-161.2465,55.12697],[-161.27226,55.10009],[-161.31357,55.08662],[-161.37539,55.08916],[-161.41773,55.06682],[-161.37372,55.04596],[-161.35315,55.0196],[-161.35952,54.99145],[-161.38488,54.97396],[-161.44078,54.96375],[-161.47009,54.94973],[-161.55346,54.95446],[-161.58458,54.96795],[-161.62777,54.95749],[-161.67228,54.95925],[-161.66668,54.92812],[-161.68807,54.90757],[-161.71728,54.89574],[-161.6524,54.87504],[-161.63007,54.84035],[-161.61571,54.83892],[-161.57674,54.81421],[-161.56474,54.7972],[-161.56633,54.78475],[-161.57655,54.7607],[-161.59031,54.74985],[-161.63984,54.73616],[-161.69837,54.74744],[-161.76577,54.72774],[-161.78273,54.70676],[-161.84102,54.68452],[-161.93584,54.69524],[-161.96467,54.71693],[-161.98329,54.71209],[-162.01186,54.71842],[-162.05657,54.70453],[-162.03325,54.68106],[-162.02852,54.65912],[-162.04802,54.63191],[-162.10485,54.61829],[-162.16109,54.62651],[-162.18728,54.63958],[-162.24047,54.64053],[-162.2423,54.61667],[-162.25273,54.60337],[-162.2794,54.58235],[-162.32187,54.57583],[-162.31511,54.54572],[-162.32179,54.53193],[-162.36503,54.50769],[-162.42851,54.50767],[-162.46514,54.52485],[-162.47982,54.54093],[-162.47835,54.57562],[-162.46417,54.58752],[-162.47753,54.59522],[-162.49035,54.62238],[-162.45988,54.66652],[-162.52624,54.69469],[-162.54965,54.72537],[-162.55493,54.74934],[-162.53314,54.77661],[-162.48308,54.79272],[-162.51261,54.81149],[-162.56937,54.81513],[-162.59998,54.82681],[-162.61893,54.84523],[-162.6146,54.8779],[-162.57889,54.90852],[-162.61332,54.91344],[-162.643,54.93332],[-162.65111,54.92216],[-162.73259,54.89576],[-162.7908,54.88882],[-162.80424,54.86637],[-162.84681,54.84843],[-162.8939,54.84424],[-162.9678,54.88252],[-163.0632,54.87952],[-163.06288,54.8696],[-163.07939,54.85384],[-163.1373,54.82981],[-163.14174,54.82025],[-163.10494,54.80938],[-163.07085,54.78874],[-162.96861,54.7087],[-162.95478,54.65982],[-163.02563,54.61116],[-163.05914,54.6062],[-163.12618,54.61582],[-163.2251,54.61729],[-163.43588,54.60281],[-163.46621,54.58687],[-163.50108,54.58201],[-163.52618,54.55166],[-163.56405,54.53959],[-163.7128,54.57019],[-163.75787,54.57203],[-164.12267,54.55612],[-164.22786,54.52366],[-164.23957,54.5137],[-164.23662,54.49991],[-164.25001,54.46793],[-164.27668,54.43721],[-164.31629,54.41143],[-164.41499,54.36882],[-164.45722,54.364],[-164.48706,54.3696],[-164.61711,54.33887],[-164.70597,54.3442],[-164.74062,54.33726],[-164.80538,54.34554],[-164.9013,54.37465],[-164.99563,54.45731],[-165.02698,54.52077],[-165.03616,54.5766],[-164.99948,54.62625],[-164.87686,54.67543],[-164.78278,54.6917],[-164.70608,54.77348],[-164.69851,54.80154],[-164.65118,54.8442],[-164.64404,54.88542],[-164.62774,54.91153],[-164.52118,54.96912],[-164.41815,54.97956],[-164.29788,54.95264],[-164.20409,55.00063],[-164.15787,55.01565],[-164.04745,55.02066],[-163.95018,55.07881],[-163.9127,55.09058],[-163.85866,55.08898],[-163.7703,55.10883],[-163.66609,55.09455],[-163.56795,55.10016],[-163.45894,55.12814],[-163.20752,55.21967],[-163.14133,55.23196],[-162.9828,55.33562],[-162.94987,55.36042],[-162.93516,55.38205],[-162.83018,55.42943],[-162.72697,55.45887],[-162.68156,55.46318],[-162.64504,55.4885],[-162.57088,55.51582],[-162.28979,55.72487],[-162.17227,55.77353],[-162.13419,55.80906],[-162.06082,55.82514],[-162.03287,55.84426],[-162.00225,55.84875],[-161.90619,55.9122],[-161.82575,55.94265],[-161.42866,56.01157],[-161.21111,56.06741],[-160.92957,56.07938],[-160.61603,56.06742],[-160.58404,56.07939],[-160.54566,56.11528],[-160.51367,56.20302],[-160.47874,56.23584],[-160.43943,56.29881],[-160.41316,56.32173],[-160.30558,56.36921],[-160.22542,56.4336],[-160.06914,56.48028],[-159.99406,56.51641],[-159.90514,56.57818],[-159.87017,56.59086],[-159.58098,56.67292],[-159.42574,56.74019],[-159.17391,56.81445],[-159.08157,56.85289],[-158.98157,56.91113],[-158.89358,56.94506],[-158.89348,56.99984],[-158.06982,58.49032],[-158.14787,58.54378],[-158.21303,58.5426],[-158.60523,58.45559],[-158.61435,58.43371],[-158.63821,58.41325],[-158.68954,58.40168],[-158.72011,58.37606],[-158.77268,58.35493],[-158.87667,58.34193],[-158.96551,58.3528],[-159.01872,58.33414],[-159.07885,58.33926],[-159.14839,58.3703],[-159.16238,58.39523],[-159.15139,58.41577],[-159.40473,58.66596],[-159.54469,58.77842],[-159.70169,58.7964],[-159.71886,58.77667],[-159.7481,58.7603],[-159.81172,58.73545],[-159.89386,58.71504],[-159.93908,58.71791],[-160.00436,58.74461],[-160.01443,58.75979],[-160.08915,58.8063],[-160.12715,58.78007],[-160.17224,58.76933],[-160.234,58.77396],[-160.27345,58.78873],[-160.31053,58.81263],[-160.33368,58.84831],[-160.32693,58.85842],[-160.34309,58.88054],[-160.60872,58.84362],[-160.5935,58.82173],[-160.60163,58.79332],[-160.70003,58.67207],[-160.78727,58.58157],[-160.7933,58.5601],[-160.87415,58.51007],[-160.93344,58.49611],[-161.0156,58.50306],[-161.09579,58.49003],[-161.14096,58.50334],[-161.15892,58.51238],[-161.17734,58.54257],[-161.18677,58.5733],[-161.17704,58.60707],[-161.23398,58.64345],[-161.32204,58.6116],[-161.45783,58.58597],[-161.48987,58.56189],[-161.5715,58.54375],[-161.58698,58.51842],[-161.61702,58.50677],[-161.70423,58.49691],[-161.81757,58.50573],[-161.86092,58.53909],[-161.86364,58.56873],[-161.87072,58.57041],[-161.90905,58.57274],[-161.99861,58.56108],[-162.04308,58.56833],[-162.08177,58.5649],[-162.23029,58.59855],[-162.27765,58.63288],[-162.28074,58.6463],[-162.25975,58.67267],[-162.16852,58.71028],[-162.07314,58.72441],[-161.94917,58.72433],[-161.93316,58.74827],[-161.89784,58.76204],[-161.88916,58.7843],[-161.8512,58.80798],[-161.85753,58.83043],[-161.8872,58.87128],[-161.88176,58.94415],[-161.90247,58.9776],[-161.95335,59.0327],[-162.00113,59.07023],[-162.00768,59.05529],[-162.01681,59.06024],[-162.1022,59.12875],[-162.16381,59.22446],[-162.17101,59.24757],[-162.1666,59.27508],[-162.11156,59.33293],[-162.06475,59.36003],[-162.06132,59.39796],[-162.05361,59.40899],[-162.00195,59.43745],[-161.95854,59.44781],[-161.91445,59.46929],[-161.89478,59.50756],[-161.87127,59.52479],[-162.00306,59.64465],[-162.04261,59.67073],[-162.06488,59.70003],[-162.06832,59.71643],[-162.09824,59.73371],[-162.10686,59.75421],[-162.13851,59.77239],[-162.17833,59.81484],[-162.18666,59.81891],[-162.22784,59.8065],[-162.36434,59.81087],[-162.41138,59.82326],[-162.44166,59.84408],[-162.44985,59.88462],[-162.56264,59.89683],[-162.60641,59.8883],[-162.69838,59.89182],[-162.70756,59.88018],[-162.81805,59.84028],[-162.81589,59.81283],[-162.82609,59.80066],[-162.86866,59.78038],[-162.94722,59.76829],[-163.02559,59.76754],[-163.10567,59.77824],[-163.14586,59.79564],[-163.33003,59.76966],[-163.7077,59.74113],[-163.78437,59.74057],[-163.99371,59.76376],[-163.99974,59.75497],[-163.966,59.74712],[-163.89689,59.71464],[-163.81368,59.71694],[-163.7878,59.70919],[-163.7489,59.68642],[-163.73995,59.66865],[-163.76096,59.63972],[-163.81195,59.62083],[-163.84707,59.61793],[-163.91972,59.64046],[-164.0133,59.63776],[-164.08078,59.67051],[-164.11107,59.69408],[-164.1248,59.71628],[-164.19323,59.7373],[-164.27463,59.77831],[-164.31315,59.80629],[-164.34654,59.84835],[-164.4157,59.88487],[-164.4208,59.90697],[-164.44966,59.95334],[-164.42027,59.9781],[-164.34283,60.00293],[-164.44573,60.03051],[-164.48823,60.05496],[-164.59739,60.15824],[-164.6586,60.17553],[-164.74881,60.24031],[-164.85113,60.24899],[-164.97192,60.27702],[-165.14145,60.35798],[-165.23541,60.42515],[-165.23956,60.44323],[-165.28823,60.44264],[-165.33357,60.45927],[-165.38752,60.45951],[-165.42653,60.47438],[-165.50145,60.52618],[-165.52039,60.55197],[-165.51826,60.56602],[-165.46412,60.61374],[-165.4107,60.63217],[-165.34019,60.63827],[-165.29137,60.66554],[-165.2459,60.67501],[-165.22205,60.69537],[-165.16424,60.70768],[-165.12337,60.73663],[-165.13918,60.75012],[-165.14097,60.76618],[-165.17618,60.79633],[-165.15751,60.8293],[-165.17749,60.84797],[-165.17052,60.87693],[-165.22348,60.89645],[-165.26303,60.92313],[-165.27604,60.93776],[-165.27435,60.94636],[-165.30215,60.96644],[-165.30114,60.99024],[-165.23656,61.05009],[-165.25838,61.05064],[-165.3466,61.01544],[-165.41667,61.01248],[-165.53878,61.02678],[-165.66365,61.05781],[-165.74339,61.12519],[-165.78688,61.19811],[-165.82286,61.21709],[-165.83756,61.23872],[-165.92306,61.26484],[-165.99039,61.31643],[-166.02376,61.36107],[-166.0313,61.3953],[-166.19449,61.45987],[-166.25409,61.52225],[-166.28075,61.56288],[-166.28861,61.58081],[-166.28643,61.6031],[-166.26025,61.65873],[-166.26213,61.69326],[-166.23795,61.74086],[-166.23755,61.78057],[-166.22973,61.79833],[-166.17176,61.85217],[-166.11251,61.87314],[-166.09485,61.94666],[-166.07595,61.98305],[-166.11831,62.0097],[-166.12982,62.0253],[-166.09622,62.07345],[-166.04921,62.10802],[-166.00577,62.12344],[-165.90181,62.11928],[-165.89259,62.13815],[-165.87458,62.15023],[-165.8206,62.16623],[-165.79247,62.19032],[-165.73957,62.20485],[-165.52588,62.35344],[-165.44887,62.39102],[-165.41873,62.44043],[-165.37958,62.46961],[-165.38841,62.48526],[-165.34621,62.5267],[-165.35077,62.54779],[-165.33869,62.57604],[-165.27697,62.60921],[-165.21309,62.61443],[-165.2481,62.64803],[-165.24572,62.66229],[-165.25902,62.6922],[-165.24732,62.70989],[-165.16525,62.73594],[-165.126,62.74052],[-165.06301,62.73398],[-165.02189,62.75622],[-164.9867,62.76074],[-165.01689,62.78444],[-165.01502,62.8004],[-165.03814,62.82065],[-165.03377,62.83661],[-164.99653,62.86658],[-164.93927,62.87752],[-164.91588,62.90261],[-164.92213,62.9125],[-164.918,62.92825],[-164.89553,62.94864],[-164.90293,62.957],[-164.89663,62.9795],[-164.90705,62.9842],[-164.91252,63.00001],[-164.89297,63.01914],[-164.90674,63.0449],[-164.88022,63.06545],[-164.83032,63.08225],[-164.7438,63.09323],[-164.74682,63.1104],[-164.72774,63.12465],[-164.60928,63.19952],[-164.49567,63.25116],[-164.39546,63.27989],[-164.25005,63.30345],[-164.05126,63.31736],[-163.87063,63.28423],[-163.77185,63.27623],[-163.6581,63.24972],[-163.58471,63.2058],[-163.45517,63.17495],[-163.34982,63.12369],[-163.25248,63.09245],[-163.1187,63.10156],[-163.02618,63.15347],[-162.95813,63.17679],[-162.9377,63.2151],[-162.87086,63.25356],[-162.73952,63.26892],[-162.70029,63.29117],[-162.43777,63.49199],[-162.55255,63.4826],[-162.67983,63.49163],[-162.7729,63.52975],[-162.82644,63.57636],[-162.81603,63.60337],[-162.73063,63.6512],[-162.68008,63.67126],[-162.58432,63.69139],[-162.39436,63.6883],[-162.30435,63.67202],[-162.25462,63.64647],[-162.24993,63.62835],[-162.22538,63.60956],[-162.22274,63.59691],[-161.95696,63.55721],[-161.89621,63.50822],[-161.84041,63.49329],[-161.68777,63.51462],[-161.60311,63.50415],[-161.51195,63.51975],[-161.36685,63.51689],[-161.28519,63.52337],[-161.20207,63.58737],[-161.14254,63.60418],[-161.13997,63.62523],[-161.09807,63.65614],[-161.00849,63.67768],[-160.8862,63.7714],[-160.87698,63.79688],[-160.88773,63.82456],[-160.92012,63.85975],[-160.94464,63.92153],[-161.04566,64.02247],[-161.0706,64.08498],[-161.06234,64.11339],[-161.07648,64.12747],[-161.0754,64.20665],[-161.3268,64.33401],[-161.4139,64.35859],[-161.44317,64.34009],[-161.49343,64.32838],[-161.59084,64.33554],[-162.00213,64.45879],[-162.31349,64.54279],[-162.44188,64.50412],[-162.47198,64.48684],[-162.48669,64.4709],[-162.51255,64.39257],[-162.55792,64.35579],[-162.59477,64.33844],[-162.63275,64.33193],[-162.72806,64.28747],[-162.7958,64.27567],[-163.24193,64.36074],[-163.32334,64.40787],[-163.36375,64.44564],[-163.53617,64.50358],[-163.61233,64.51792],[-163.75039,64.51964],[-163.81406,64.53119],[-163.85077,64.5194],[-163.97622,64.50832],[-164.1809,64.51957],[-164.35535,64.50845],[-164.7548,64.40782],[-165.03221,64.38799],[-165.33592,64.44442],[-166.07779,64.52046],[-166.07087,64.49016],[-166.0957,64.4598],[-166.13354,64.43821],[-166.21234,64.42986],[-166.27196,64.43778],[-166.35113,64.47788],[-166.35388,64.50644],[-166.33091,64.52585],[-166.28139,64.54496],[-166.49126,64.61896],[-166.59016,64.73895],[-166.57757,64.778],[-166.58675,64.80147],[-166.58219,64.82209],[-166.51721,64.85738],[-166.52269,64.8711],[-166.58919,64.90829],[-166.7619,64.96349],[-166.829,64.99932],[-166.82447,65.01746],[-166.87816,65.02995],[-166.97896,65.06941],[-167.07298,65.13839],[-167.08434,65.15569],[-167.07244,65.19978],[-167.00853,65.27665],[-166.94893,65.30791],[-167.07033,65.32749],[-167.40089,65.34727],[-167.60639,65.38563],[-167.75671,65.44723],[-167.89687,65.47668],[-167.93803,65.4999],[-168.00443,65.50419],[-168.15297,65.53889],[-168.21865,65.59612],[-168.23189,65.62257],[-168.22924,65.65027],[-168.22131,65.67545],[-168.20014,65.69937],[-168.15513,65.72835],[-168.07713,65.75609],[-167.52082,65.87815],[-167.30834,65.94432],[-167.1784,65.99957],[-166.71947,66.14805],[-165.77774,66.39736],[-165.43444,66.47523],[-165.13882,66.52846],[-164.7519,66.59255],[-164.46354,66.6263],[-164.22099,66.6385],[-163.90079,66.64267],[-163.75611,66.63897],[-163.62621,66.62417],[-162.83203,66.92681],[-162.87685,66.94783],[-163.04947,66.98661],[-163.34053,67.02591],[-163.78152,67.06976],[-163.91138,67.1047],[-163.99123,67.14788],[-164.00272,67.17255],[-163.96246,67.1967],[-163.88253,67.21498],[-164.00451,67.39781],[-164.17543,67.5476],[-164.28127,67.59167],[-164.65522,67.69245],[-165.49945,68.01878],[-165.57811,68.033],[-165.68438,68.03472],[-165.86945,68.05509],[-165.96604,68.07249],[-166.09592,68.11827],[-166.12925,68.15463],[-166.17754,68.18503],[-166.2853,68.22437],[-166.36478,68.24427],[-166.65198,68.28832],[-166.75963,68.29456],[-166.86059,68.28748],[-166.94204,68.30259],[-166.97211,68.32245],[-166.97157,68.35606],[-166.91291,68.38533],[-166.84998,68.40164],[-166.50287,68.45611],[-166.45784,68.46613],[-166.44392,68.47849],[-166.43491,68.53064],[-166.36766,68.57499],[-166.36147,68.63459],[-166.37124,68.6513],[-166.3333,68.69613],[-166.34129,68.71305],[-166.32731,68.78176],[-166.36612,68.86888],[-166.34743,68.90039],[-166.27833,68.92707],[-166.20015,68.93382],[-165.62086,68.90371],[-165.35705,68.90894],[-164.63867,68.96644],[-164.27938,68.97962],[-164.02036,69.03315],[-163.93307,69.06982],[-163.79234,69.10802],[-163.6508,69.16869],[-163.57189,69.22315],[-163.38059,69.32022],[-163.33319,69.35932],[-163.28959,69.43036],[-163.28777,69.63238],[-163.20628,69.75703],[-163.13356,69.8387],[-162.81882,69.99903],[-162.6059,70.14685],[-162.46522,70.21724],[-161.94866,70.37474],[-161.87022,70.38278],[-161.50495,70.35073],[-161.31513,70.34726],[-160.90786,70.41574],[-160.66515,70.47644],[-160.41422,70.5613],[-160.04237,70.71986],[-159.87941,70.77718],[-159.75547,70.83053],[-159.59755,70.86472],[-159.23844,70.92028],[-158.90501,70.95537],[-158.734,70.96312],[-158.62077,70.94557],[-158.55272,70.90283],[-158.33354,70.87203],[-158.17146,70.87105],[-157.93147,70.90215],[-157.81524,70.92727],[-157.53242,71.00755],[-157.34829,71.08798],[-157.23958,71.1571],[-156.94083,71.3112],[-156.76087,71.37288],[-156.64226,71.39614],[-156.58225,71.42767],[-156.48772,71.43979],[-156.40063,71.43541],[-156.29468,71.40851],[-155.92643,71.35768],[-155.82736,71.32869],[-155.75622,71.28338],[-155.65793,71.28704],[-155.45886,71.26859],[-155.30018,71.23526],[-155.14647,71.22348],[-155.00332,71.20008],[-154.82132,71.15896],[-154.62628,71.10072],[-154.49879,71.05537],[-154.43768,71.02355],[-153.89917,70.93622],[-153.74238,70.94505],[-153.5124,70.93594],[-153.27431,70.97096],[-153.00011,70.96988],[-152.93899,70.96112],[-152.81684,70.96052],[-152.67991,70.93458],[-152.50976,70.93473],[-152.15185,70.87513],[-152.05816,70.84116],[-152.04636,70.81316],[-151.61274,70.5936],[-151.51678,70.57136],[-151.50333,70.53602],[-151.54772,70.50412],[-151.54889,70.49108],[-151.31498,70.46343],[-151.18984,70.49292],[-151.04464,70.49762],[-150.92972,70.51429],[-150.87115,70.53553],[-150.79515,70.54836],[-150.65233,70.54485],[-150.60152,70.55129],[-150.5008,70.54885],[-150.43534,70.55785],[-150.34524,70.55323],[-150.32321,70.57856],[-150.24271,70.60434],[-150.11787,70.60618],[-150.03353,70.5877],[-149.9934,70.6042],[-149.92951,70.61476],[-149.79596,70.61187],[-149.71913,70.62194],[-149.40735,70.60383],[-149.09048,70.56542],[-148.97494,70.53371],[-148.78726,70.52538],[-148.71181,70.50767],[-148.65177,70.47817],[-148.54887,70.47297],[-148.48701,70.45332],[-148.51548,70.47748],[-148.51494,70.48972],[-148.50275,70.50433],[-148.42131,70.53286],[-148.29251,70.53746],[-148.23389,70.52891],[-148.21042,70.51825],[-148.16907,70.51774],[-148.12693,70.50135],[-148.09962,70.524],[-148.05196,70.53883],[-148.0035,70.54558],[-147.89963,70.5421],[-147.81853,70.52002],[-147.77847,70.49166],[-147.77944,70.47187],[-147.65248,70.4597],[-147.61127,70.43648],[-147.56243,70.44659],[-147.45516,70.4457],[-147.37252,70.43054],[-147.32835,70.40743],[-147.22594,70.38899],[-147.18262,70.36975],[-147.17191,70.35016],[-147.09641,70.35861],[-146.92652,70.35078],[-146.77788,70.31574],[-146.74647,70.29187],[-146.70896,70.28243],[-146.37792,70.28375],[-146.24917,70.26734],[-146.20606,70.25469],[-145.98178,70.24231],[-145.74186,70.19924],[-145.56455,70.14455],[-145.45012,70.13316],[-145.33551,70.09871],[-145.27936,70.08896],[-145.06498,70.08761],[-144.98609,70.07031],[-144.92655,70.04002],[-144.84334,70.03958],[-144.68147,70.01577],[-144.5291,70.07906],[-144.43397,70.09273],[-144.36696,70.09228],[-144.14308,70.13187],[-144.05686,70.13866],[-144.01159,70.15671],[-143.94059,70.16969],[-143.83062,70.17035],[-143.57566,70.19943],[-143.41145,70.18357],[-143.36079,70.19632],[-143.22643,70.202],[-143.14145,70.1876],[-143.10439,70.16918],[-143.02793,70.15119],[-142.7063,70.0882],[-142.48027,70.0339],[-142.42516,70.01146],[-142.34951,69.99446],[-142.30759,69.97572],[-142.05781,69.90335],[-141.59145,69.81458],[-141.3779,69.74415],[-141.13359,69.72535],[-141.00278,69.70365],[-141.00183,60.30589],[-140.52043,60.21982],[-140.45821,60.30809],[-139.98109,60.18197],[-139.69298,60.33523],[-139.07482,60.3525],[-139.07212,60.31943],[-139.19885,60.0883],[-139.05367,59.99484],[-138.70738,59.90633],[-138.66865,59.80966],[-138.6262,59.76858],[-137.60735,59.2438],[-137.54213,59.10643],[-137.5,58.9854],[-137.52612,58.90637],[-137.45173,58.90835],[-137.28285,59.0],[-136.96968,59.10123],[-136.82873,59.15996],[-136.58444,59.16585],[-136.4897,59.25977],[-136.49576,59.27513],[-136.46925,59.28408],[-136.47716,59.46582],[-136.36824,59.44896],[-136.30502,59.46452],[-136.23851,59.52433],[-136.23983,59.55941],[-136.35394,59.59983],[-136.1929,59.64003],[-135.95265,59.66217],[-135.47916,59.79804],[-135.36011,59.73761],[-135.23367,59.69614],[-135.21984,59.66278],[-135.15759,59.62572],[-135.11783,59.62307],[-135.0289,59.56366],[-135.02756,59.47474],[-135.07728,59.45177],[-135.10102,59.42753],[-134.98975,59.38713],[-135.03052,59.34635],[-134.9599,59.28093],[-134.70072,59.24901],[-134.67912,59.19227],[-134.56557,59.13112],[-134.48339,59.1316],[-134.44712,59.08922],[-134.38188,59.03876],[-134.40715,58.97921],[-134.31349,58.96218],[-134.33647,58.92341],[-134.25807,58.86104],[-133.8405,58.72944],[-133.70712,58.61227],[-133.55781,58.52313],[-133.37731,58.43055],[-133.4615,58.38772],[-133.34543,58.27633],[-133.17231,58.15368],[-133.0701,58.00034],[-132.86937,57.83971],[-132.75106,57.69597],[-132.66086,57.61674],[-132.55369,57.49651],[-132.36979,57.34975],[-132.24792,57.21125],[-132.36898,57.09151],[-132.04519,57.04506],[-132.12357,56.87365],[-131.87288,56.80599],[-131.90107,56.75367],[-131.86067,56.70298],[-131.83533,56.5992],[-131.58107,56.61223],[-131.47203,56.55267],[-131.17347,56.44952],[-131.08735,56.406],[-130.78198,56.36684],[-130.62331,56.26688],[-130.54053,56.24745],[-130.46787,56.24305],[-130.42601,56.14156],[-130.35009,56.12854],[-130.24622,56.09641],[-130.1038,56.1228],[-130.00348,56.00808],[-130.01767,55.91193],[-130.00379,55.90744],[-130.08349,55.82171],[-130.12476,55.80564],[-130.15241,55.76629],[-130.14776,55.7149],[-130.11166,55.6829],[-130.1279,55.58103],[-130.08985,55.49798],[-130.04122,55.45173],[-130.02111,55.33792],[-129.97665,55.30037],[-129.97417,55.28192],[-130.10284,55.1926],[-130.18089,55.09125],[-130.18756,55.06284],[-130.27333,54.97396],[-130.34454,54.91881],[-130.5682,54.79215],[-130.62887,54.78272],[-130.65904,54.76306],[-130.62572,54.73807],[-130.64311,54.69468],[-130.64791,54.64891],[-130.72659,54.66992],[-131.20307,54.69132],[-132.00481,54.68245],[-133.6489,54.63204],[-133.74157,54.82292],[-133.78452,54.95349],[-133.79053,55.00058],[-133.66022,55.11719],[-133.61148,55.17646],[-133.69122,55.19847],[-133.70761,55.22937],[-133.77562,55.28224],[-133.77845,55.31962],[-133.76138,55.34626],[-133.7716,55.39432],[-133.83304,55.38857],[-133.87392,55.39884],[-133.89715,55.41494],[-133.90715,55.434],[-133.89786,55.45908],[-133.86138,55.48064],[-133.8612,55.50162],[-133.83484,55.53326],[-133.82934,55.57092],[-133.81035,55.58641],[-133.81393,55.60305],[-133.79825,55.63323],[-133.81268,55.64513],[-133.8675,55.65732],[-133.88768,55.68364],[-133.87956,55.71545],[-133.83178,55.74151],[-133.84852,55.7634],[-133.84896,55.77806],[-133.83798,55.7933],[-133.93656,55.776],[-133.99588,55.7952],[-134.01277,55.81971],[-134.00218,55.84726],[-134.01923,55.86494],[-134.02698,55.892],[-134.04661,55.85048],[-134.19203,55.69305],[-134.42103,55.74863],[-134.56937,55.80401],[-134.61895,55.83473],[-134.64513,55.86522],[-134.632,55.89875],[-134.60156,55.92292],[-134.5125,55.95594],[-134.49304,55.97747],[-134.49417,55.99964],[-134.6664,56.14759],[-134.84601,56.23395],[-135.1998,56.5064],[-135.8599,56.9924],[-136.0468,57.2718],[-136.2379,57.5345],[-136.4075,57.7499],[-136.45514,57.83111],[-136.61666,57.86922],[-136.64462,57.88377],[-136.65857,57.90146],[-136.6605,57.93887]]],[[[-161.64948,63.62764],[-161.63397,63.60432],[-161.64154,63.5885],[-161.67522,63.56634],[-161.71182,63.55512],[-161.8124,63.55994],[-161.83922,63.57036],[-161.85703,63.58798],[-161.85585,63.62163],[-161.82623,63.64249],[-161.79546,63.65042],[-161.71475,63.65254],[-161.64948,63.62764]]],[[[-161.19702,64.16398],[-161.17666,64.14686],[-161.18448,64.10616],[-161.20992,64.08205],[-161.25227,64.06596],[-161.30603,64.06197],[-161.37318,64.06974],[-161.41444,64.08677],[-161.43242,64.10534],[-161.43692,64.13355],[-161.4202,64.15842],[-161.35571,64.18378],[-161.31036,64.18937],[-161.26481,64.18466],[-161.19702,64.16398]]],[[[-82.94546,24.78496],[-82.80143,24.80047],[-82.73989,24.78843],[-82.70978,24.77312],[-82.66618,24.73171],[-82.64533,24.68863],[-82.64007,24.64178],[-82.65668,24.58371],[-82.82818,24.58377],[-82.8485,24.5676],[-82.87207,24.56222],[-82.91412,24.57597],[-82.94329,24.56893],[-82.99974,24.58392],[-82.99988,24.47698],[-83.04355,24.49857],[-83.08256,24.53687],[-83.10353,24.57996],[-83.10891,24.61109],[-83.10352,24.65799],[-83.08845,24.69205],[-83.04111,24.74091],[-83.00477,24.76451],[-82.94546,24.78496]]],[[[-71.63497,41.26368],[-71.59159,41.28932],[-71.55757,41.29402],[-71.51635,41.27155],[-71.48932,41.23517],[-71.48984,41.1947],[-71.4786,41.17579],[-71.47702,41.15566],[-71.50189,41.11554],[-71.52817,41.10311],[-71.59351,41.09583],[-71.61886,41.09909],[-71.66835,41.12825],[-71.67881,41.15891],[-71.67049,41.1945],[-71.64301,41.23132],[-71.63497,41.26368]]],[[[178.73702,51.69494],[178.76993,51.69781],[178.89347,51.67443],[178.97243,51.64644],[179.01517,51.64558],[179.06062,51.63251],[179.08886,51.6062],[179.08744,51.58353],[179.09475,51.57603],[179.11648,51.56917],[179.17033,51.52303],[179.22681,51.51293],[179.26457,51.4923],[179.28707,51.46982],[179.35557,51.45813],[179.37108,51.46519],[179.42522,51.46282],[179.47766,51.43108],[179.52252,51.41915],[179.55319,51.40001],[179.57691,51.37681],[179.57841,51.35434],[179.54368,51.31915],[179.51087,51.30826],[179.45939,51.31603],[179.40307,51.30685],[179.29808,51.31102],[179.25552,51.29367],[179.2182,51.29498],[179.15066,51.31634],[179.12999,51.3334],[179.12203,51.3532],[178.9957,51.42204],[178.96936,51.42877],[178.95022,51.44506],[178.94542,51.46063],[178.89601,51.49254],[178.79024,51.49246],[178.74074,51.52354],[178.708,51.53739],[178.66722,51.54274],[178.62456,51.56904],[178.59349,51.57825],[178.56321,51.59983],[178.55177,51.59986],[178.53062,51.62473],[178.54331,51.68233],[178.55949,51.70165],[178.58461,51.71188],[178.60729,51.71652],[178.69878,51.70957],[178.73702,51.69494]]],[[[178.22008,51.88873],[178.33218,51.87085],[178.40823,51.84156],[178.43115,51.82697],[178.44135,51.80932],[178.49277,51.77689],[178.49635,51.74452],[178.46922,51.71871],[178.40046,51.70361],[178.37043,51.70404],[178.2979,51.72363],[178.24988,51.72447],[178.20712,51.74674],[178.19729,51.76733],[178.15768,51.78453],[178.12505,51.81401],[178.12093,51.83252],[178.13158,51.85583],[178.17583,51.88459],[178.22008,51.88873]]],[[[178.09371,51.8945],[178.09795,51.85069],[178.08404,51.83534],[178.04488,51.8215],[177.99718,51.82203],[177.96401,51.83487],[177.93547,51.86109],[177.94554,51.89562],[177.99698,51.92203],[178.06899,51.91448],[178.09371,51.8945]]],[[[179.50831,52.03971],[179.54087,52.06417],[179.67904,52.07531],[179.71845,52.05337],[179.77102,52.04083],[179.79028,52.01837],[179.84708,51.99247],[179.85968,51.96037],[179.82502,51.89202],[179.78507,51.86264],[179.73526,51.85497],[179.71748,51.84095],[179.67167,51.82566],[179.62321,51.81899],[179.57487,51.82682],[179.4568,51.85989],[179.38969,51.92379],[179.38874,51.94192],[179.40456,51.96836],[179.40873,52.00536],[179.45032,52.03132],[179.50831,52.03971]]],[[[177.26002,51.97872],[177.32085,52.02123],[177.41643,52.03813],[177.41424,52.05319],[177.42599,52.07778],[177.46063,52.09463],[177.46918,52.12402],[177.49808,52.15163],[177.57325,52.18716],[177.60776,52.18944],[177.70378,52.16303],[177.74565,52.1416],[177.76461,52.12097],[177.76955,52.09784],[177.76043,52.06117],[177.72637,52.03603],[177.70316,52.00704],[177.74176,51.99554],[177.7934,51.99956],[177.84571,51.98378],[177.874,51.9561],[177.87409,51.94395],[177.85145,51.91196],[177.81919,51.89536],[177.7906,51.89239],[177.73597,51.90213],[177.68726,51.89543],[177.63546,51.8707],[177.5986,51.8732],[177.54641,51.86162],[177.51925,51.86692],[177.45549,51.86135],[177.41624,51.87122],[177.41004,51.83371],[177.42091,51.8131],[177.40379,51.77904],[177.37162,51.76186],[177.30872,51.75963],[177.24234,51.79054],[177.20032,51.82441],[177.16902,51.82929],[177.12901,51.84998],[177.11201,51.87966],[177.12134,51.91787],[177.13962,51.93559],[177.26002,51.97872]]],[[[178.18884,52.09868],[178.24737,52.06753],[178.26716,52.03745],[178.40266,52.0217],[178.4688,52.04118],[178.51241,52.04344],[178.61658,52.00938],[178.66395,51.98285],[178.67131,51.95988],[178.6669,51.93025],[178.62568,51.88844],[178.58073,51.85955],[178.5021,51.84694],[178.41299,51.87536],[178.38381,51.89102],[178.37108,51.90684],[178.33092,51.89855],[178.28926,51.90085],[178.19587,51.94884],[178.10057,51.9399],[178.05967,51.94811],[178.01631,51.9787],[178.01507,52.01504],[178.0004,52.03332],[178.02057,52.07186],[178.0769,52.1],[178.12198,52.10742],[178.18884,52.09868]]],[[[177.40883,52.16763],[177.44598,52.13513],[177.44302,52.10526],[177.41498,52.08479],[177.34511,52.07209],[177.32137,52.08043],[177.28349,52.11416],[177.28181,52.13513],[177.31541,52.16098],[177.36736,52.1753],[177.40883,52.16763]]],[[[175.84191,52.44029],[175.9179,52.43434],[176.00491,52.4095],[176.0434,52.39027],[176.06049,52.37224],[176.06287,52.35019],[176.00993,52.29955],[175.89661,52.28126],[175.83139,52.30558],[175.76348,52.38074],[175.78252,52.41724],[175.81133,52.43266],[175.84191,52.44029]]],[[[173.37001,52.48295],[173.39366,52.49975],[173.42159,52.50728],[173.48049,52.50257],[173.55903,52.5471],[173.60825,52.55987],[173.77813,52.5661],[173.80416,52.56098],[173.85559,52.52833],[173.84461,52.48887],[173.81244,52.46279],[173.78059,52.45078],[173.79459,52.43328],[173.79817,52.39246],[173.81407,52.35335],[173.79427,52.32501],[173.76656,52.30674],[173.7308,52.29757],[173.6924,52.30188],[173.6726,52.29247],[173.63863,52.29425],[173.5337,52.33177],[173.46227,52.3277],[173.30404,52.35645],[173.2745,52.38916],[173.27441,52.41663],[173.31594,52.46464],[173.37001,52.48295]]],[[[173.92615,52.82599],[174.05015,52.78908],[174.11444,52.80335],[174.19928,52.78028],[174.23273,52.75729],[174.23783,52.70326],[174.21175,52.67419],[174.16251,52.65674],[174.01798,52.67184],[173.83796,52.71602],[173.78871,52.74972],[173.7732,52.77336],[173.78159,52.80215],[173.80201,52.81966],[173.87064,52.83479],[173.92615,52.82599]]],[[[172.42778,52.97154],[172.58617,53.04387],[172.73442,53.06365],[172.78794,53.063],[172.83659,53.05103],[172.88835,53.05413],[172.95416,53.03895],[172.9943,53.04754],[173.13221,53.04396],[173.21589,53.02036],[173.23836,52.99976],[173.27891,53.00172],[173.32194,52.99212],[173.37141,52.96034],[173.39259,52.90745],[173.43165,52.91749],[173.48955,52.90011],[173.51616,52.87398],[173.53752,52.86679],[173.56761,52.84187],[173.58065,52.81548],[173.55135,52.78488],[173.52606,52.77448],[173.40338,52.77756],[173.42169,52.75561],[173.41434,52.72815],[173.39853,52.71047],[173.36197,52.69576],[173.30634,52.69886],[173.20963,52.73965],[173.10331,52.72979],[173.04578,52.74885],[173.03602,52.72846],[172.94309,52.68885],[172.90147,52.6816],[172.85734,52.69575],[172.81438,52.73084],[172.71607,52.73241],[172.58731,52.80914],[172.47908,52.85523],[172.41938,52.85975],[172.35392,52.89499],[172.34934,52.92219],[172.36582,52.95174],[172.3996,52.96877],[172.42778,52.97154]]]]},"properties":{"name":"the United States","states":["AK","AL","AR","AZ","CA","CO","CT","DC","DE","FL","GA","HI","IA","ID","IL","IN","KS","KY","LA","MA","MD","ME","MI","MN","MO","MS","MT","NC","ND","NE","NH","NJ","NM","NV","NY","OH","OK","OR","PA","RI","SC","SD","TN","TX","UT","VA","VT","WA","WI","WV","WY"],"source":"US Census TIGERweb states","source_url":"https://tigerweb.geo.census.gov/tigerwebmain/TIGERweb_main.html","retrieved_at":"2026-10-03T07:57:30.396618+00:00","simplified_deg":0.005}}]}
